sender_email,recipient_email,subject,body,label
jasmine.alexander@gmail.com,patricia.gonzalez@protonmail.com,Schedule your session on 2025-05-01,"Hello Rebecca, your password reset link was sent at 01:05:18 today.",good
jonathan.mooney@gmail.com,samuel.johnson@outlook.com,See you at the Programmable analyzing info-mediaries!,"Dear Christopher, here’s a summary of your activity in May on Monetize.",good
jerry.page@ymail.com,ashley.wright@hotmail.com,"Happy to announce Implement efficient e-services from Obrien, Graves and Romero","Hello Jeffrey, your Transition account has been reviewed and updated as of 2025-02-13.",good
hayley.merritt@yahoo.com,francisco.gilbert@msn.com,Reminder: Your appointment on Monday,"Dear April, we've updated your records in our system as of 2025-04-19.",good
randall.willis@yahoo.com,gregory.spencer@outlook.com,Re: Appointment confirmation for 2025-03-09,"Hi Megan, your scheduled call with Mclaughlin PLC is on 2025-02-25 at 20:12:07.",good
charles.ramirez@gmail.com,luis.santiago@hotmail.com,Re: Discussion on And scheduled 01:24:08,"Dear William, we noticed a recent activity from Floresfort on your Whiteboard.",good
tanya.jackson@ymail.com,seth.mclean@msn.com,Can we meet to talk about Innovate clicks-and-mortar interfaces?,"Hello Linda, our team will be in touch by 04:27:52 on 2025-02-25.",good
stephanie.gamble@ymail.com,janet.murray@gmail.com,Agenda for upcoming Monetize synergistic models review,"Hello Julie, your Aggregate account has been reviewed and updated as of 2025-01-18.",good
edward.garcia@ymail.com,edward.johnson@msn.com,Invitation to Cross-platform methodical approach by Hernandez-Glass,"Dear Phillip, we’ve received your form and will contact you by 01:32:02 on 2025-05-17.",good
juan.dillon@msn.com,jeffrey.washington@ymail.com,Agenda for upcoming Visualize strategic networks review,"Hello Anthony, please download your receipt from Collins and Sons dated 2025-05-17.",good
johnny.williams@gmail.com,roger.arnold@hotmail.com,Next steps for National initiative,"Dear Michelle, please join us at Long, Edwards and Barry's online session on 2025-04-27.",good
steven.holmes@outlook.com,donald.gonzalez@hotmail.com,Can we meet to talk about Synthesize rich info-mediaries?,"Hi Lisa, your Mesh has been successfully scheduled for delivery to Masonberg on 2025-03-05.",good
sarah.christensen@msn.com,theresa.welch@msn.com,Agenda for upcoming Enable world-class roi review,"Dear Dustin, don't forget your appointment at 13:47:05 this October.",good
anthony.white@gmail.com,samuel.brewer@outlook.com,You're invited: Integrated context-sensitive product on 2025-03-13,"Dear Melvin, thank you for contacting Morales Inc. We'll reach out again by 2025-04-19.",good
ryan.garcia@protonmail.com,brian.carr@hotmail.com,Re: Discussion on Impact scheduled 10:23:33,"Hello Andrew, your password reset link was sent at 01:02:31 today.",good
john.tran@gmail.com,noah.miller@hotmail.com,"Don't miss the Architect leading-edge roi from Rowe, Giles and Hess","Dear Elizabeth, thank you for choosing Moore-Lane. Your service will activate on 2025-04-25.",good
timothy.alvarez@ymail.com,mary.ramirez@msn.com,Your feedback needed for Envisioneer holistic channels,"Hello Carrie, your Utilize evaluation is complete. Check your inbox on 2025-02-16.",good
deborah.rubio@msn.com,shelley.morales@msn.com,Can we meet to talk about Innovate collaborative supply-chains?,"Dear Beth, thank you for contacting Golden, Lewis and Fuller. We'll reach out again by 2025-03-25.",good
erika.rice@gmail.com,mitchell.wilson@gmail.com,New updates about Visualize from Eaton Ltd,"Dear Lauren, thank you for contacting Stanton-Parker. We'll reach out again by 2025-04-13.",good
sharon.carr@outlook.com,amanda.deleon@outlook.com,Your feedback needed for Disintermediate cutting-edge networks,"Greetings Timothy, this is to inform you of your updated Incentivize status from Campbell LLC as of 2025-03-06.",good
kelly.rodriguez@ymail.com,dustin.riley@protonmail.com,"Important: Syndicate user-centric info-mediaries update from Olsen, Stokes and Parsons","Hi Christina, just confirming your upcoming meeting at Johnson Inc in North James this January.",good
yesenia.owens@yahoo.com,sarah.espinoza@ymail.com,See you at the Visionary human-resource interface!,"Hi Charles, we've attached the agenda for the upcoming call with Terry and Sons.",good
caleb.munoz@gmail.com,joshua.carr@gmail.com,Upcoming Exclusive solution-oriented algorithm this Tuesday,"Hi Elizabeth, just checking in regarding your experience with Synergize in Taylorfort.",good
james.wallace@protonmail.com,christopher.lopez@yahoo.com,Next steps for Building initiative,"Hello Christopher, your password reset link was sent at 03:28:44 today.",good
joshua.watkins@protonmail.com,kimberly.hayes@gmail.com,Upcoming Inverse analyzing algorithm this Saturday,"Hi Ryan, we've attached the agenda for the upcoming call with Benson-Cox.",good
steven.long@yahoo.com,joseph.rivera@gmail.com,Invitation to Universal national moratorium by Taylor PLC,"Hello James, please download your receipt from Lopez Group dated 2025-01-05.",good
shannon.fuller@ymail.com,jeffrey.duran@protonmail.com,Reminder: Your appointment on Monday,"Hello Aaron, your monthly report from Pugh LLC is now available.",good
cheryl.leon@protonmail.com,amber.casey@gmail.com,Final call for Scene session on 2025-04-06,"Dear Michael, we've assigned your ticket to our Cantrell-Thomas representative in Samanthafort.",good
ryan.johnson@outlook.com,brett.allison@hotmail.com,Monthly summary of Disintermediate ubiquitous eyeballs - December,"Dear Bailey, we’re preparing your shipment to Millerside and it should arrive by 2025-02-01.",good
stacey.cannon@yahoo.com,anthony.salinas@ymail.com,Upcoming Grass-roots systematic emulation this Friday,"Dear Janet, we've assigned your ticket to our Smith-Cruz representative in Johnsonmouth.",good
dennis.mitchell@protonmail.com,blake.mendoza@protonmail.com,Don't miss the Syndicate enterprise action-items from Davis-Davis,"Hi Chris, your Transform has been successfully scheduled for delivery to Gilbertton on 2025-05-13.",good
samuel.anderson@yahoo.com,lauren.edwards@gmail.com,"Invitation to Monitored needs-based moratorium by Mcdaniel, Thomas and Rice","Hi Bruce, just confirming your upcoming meeting at Blair, Weiss and Ward in Lake Kelseyton this September.",good
martin.moore@gmail.com,amanda.mayo@ymail.com,"Happy to announce Seize user-centric initiatives from Farley, Martin and Guzman","Hello Donna, your trial for Strategize has been extended through September.",good
todd.ochoa@hotmail.com,jennifer.kent@hotmail.com,Final call for Drop session on 2025-01-28,"Dear Mary, please join us at Preston-Leon's online session on 2025-02-03.",good
diamond.clark@gmail.com,kristin.lucas@msn.com,Details regarding the Down-sized contextually-based conglomeration you registered for,"Dear George, thank you for choosing Conley LLC. Your service will activate on 2025-02-16.",good
brenda.gaines@outlook.com,john.wilkins@ymail.com,Final call for Race session on 2025-02-24,"Hello Kevin, our team will be in touch by 09:23:08 on 2025-02-13.",good
robert.wolf@yahoo.com,ashley.camacho@msn.com,Next steps for Article initiative,"Hello Nicole, your Implement evaluation is complete. Check your inbox on 2025-05-08.",good
cathy.green@protonmail.com,mary.zamora@gmail.com,Important: Transition vertical channels update from Navarro and Sons,"Dear Austin, thank you for choosing Ingram Group. Your service will activate on 2025-05-17.",good
regina.benjamin@ymail.com,angela.sullivan@yahoo.com,Update: Repurpose clicks-and-mortar eyeballs milestone on 2025-01-10,"Hi Daniel, we hope to see you at our event in Williamshire on 2025-02-16.",good
john.johnson@yahoo.com,manuel.evans@msn.com,Monthly summary of Exploit wireless initiatives - February,"Hi Kathryn, just checking in regarding your experience with Re-contextualize in West Omar.",good
raymond.bryant@gmail.com,christine.reynolds@yahoo.com,Next steps for Put initiative,"Hi Sean, we're confirming your attendance to our Deploy training in Amyfurt.",good
rebecca.butler@msn.com,zachary.martinez@outlook.com,"Important: Re-intermediate next-generation experiences update from Sanchez, Davis and Klein","Hi Patricia, we're happy to announce a new upgrade to Optimize, launching on 2025-03-15.",good
jacob.lyons@yahoo.com,michael.dixon@protonmail.com,Next steps for Ever initiative,"Greetings Chelsea, this is to inform you of your updated Envisioneer status from Alexander-Williams as of 2025-04-24.",good
john.gallagher@outlook.com,lauren.lin@ymail.com,"Happy to announce Maximize value-added web services from Smith, Valdez and Waters","Hello Julie, your trial for Aggregate has been extended through September.",good
stacey.jones@protonmail.com,vickie.martin@ymail.com,Re: Discussion on Always scheduled 05:29:30,"Hello Tammy, your order from Christian LLC will arrive in East Danielland on 2025-03-31.",good
sara.jenkins@gmail.com,katherine.pugh@gmail.com,Details regarding the User-friendly non-volatile core you registered for,"Greetings Lori, this is to inform you of your updated Mesh status from Ross Ltd as of 2025-01-04.",good
mark.ruiz@yahoo.com,samantha.ortiz@yahoo.com,You're invited: Optimized 3rdgeneration collaboration on 2025-02-22,"Dear Sarah, we’re preparing your shipment to Debramouth and it should arrive by 2025-04-11.",good
christopher.wright@gmail.com,darius.colon@yahoo.com,Quick reminder: Persistent modular algorithm on June 2025-02-22,"Hi Peter, your scheduled call with Vasquez-Russell is on 2025-04-24 at 14:18:32.",good
anthony.ward@yahoo.com,ann.avery@ymail.com,Agenda for upcoming Incubate best-of-breed e-services review,"Hello Wesley, your password reset link was sent at 12:38:54 today.",good
christine.lang@hotmail.com,daniel.adams@outlook.com,New updates about Benchmark from Miles-Jackson,"Hello Jennifer, your order from Delacruz, Nguyen and Nelson will arrive in Richardland on 2025-04-04.",good
nicole.parker@gmail.com,william.erickson@yahoo.com,Re: Discussion on Current scheduled 20:10:32,"Hi Tiffany, your Innovate has been successfully scheduled for delivery to Lisaside on 2025-05-04.",good
devin.peters@hotmail.com,ralph.chen@protonmail.com,Final call for Hair session on 2025-05-06,"Hi Jonathan, just a quick note from our team at Patel-Williams about your Deliver appointment on 2025-04-21 in Philipland.",good
patricia.allen@yahoo.com,cameron.atkinson@yahoo.com,Schedule your session on 2025-03-26,"Dear Cindy, here’s a summary of your activity in August on Optimize.",good
sara.pearson@yahoo.com,bruce.baker@hotmail.com,Re: Discussion on House scheduled 05:44:50,"Dear Sydney, thank you for choosing Castro-Garcia. Your service will activate on 2025-04-08.",good
kelly.garrett@hotmail.com,mary.travis@yahoo.com,Monthly summary of Redefine distributed functionalities - August,"Hi Jacob, we're happy to announce a new upgrade to Expedite, launching on 2025-01-07.",good
ruth.huff@gmail.com,joseph.nelson@outlook.com,Let's discuss Every at 14:17:51,"Hi Hunter, we hope to see you at our event in Richardtown on 2025-03-25.",good
keith.rocha@outlook.com,melissa.young@hotmail.com,Agenda for upcoming Monetize virtual channels review,"Hi Patrick, we're confirming your attendance to our Engage training in New Jessicafurt.",good
kim.willis@gmail.com,alison.shannon@ymail.com,Action Required: However review before 2025-03-02,"Dear Sandra, thank you for choosing Bradley Ltd. Your service will activate on 2025-03-06.",good
joe.fry@outlook.com,rhonda.navarro@msn.com,See you at the Phased methodical leverage!,"Hello Billy, please download your receipt from Barrett, Hess and Cohen dated 2025-02-18.",good
jesse.mccarthy@gmail.com,jeffrey.bennett@msn.com,Action Required: Without review before 2025-04-24,"Hello Tiffany, your Matrix account has been reviewed and updated as of 2025-02-23.",good
amy.jenkins@ymail.com,cynthia.james@msn.com,Re: Discussion on Per scheduled 20:42:09,"Hi Robert, your scheduled visit to Barber-Clark is confirmed for 2025-01-31.",good
margaret.moore@msn.com,christopher.boyd@yahoo.com,"Don't miss the Transition virtual communities from Wiley, Jones and Villa","Hi Kimberly, we've attached the agenda for the upcoming call with Wallace-Gonzalez.",good
ian.miller@outlook.com,raymond.ford@hotmail.com,You're invited: Adaptive disintermediate capability on 2025-02-01,"Hello Angela, your trial for Harness has been extended through April.",good
christina.mata@ymail.com,christopher.davis@protonmail.com,Final call for Letter session on 2025-05-08,"Hi Gina, please review the attached summary of your Incentivize scheduled for 2025-03-28.",good
jon.cunningham@hotmail.com,richard.murphy@outlook.com,Agenda for upcoming Unleash viral markets review,"Hello Ian, your monthly report from Ferguson-Coleman is now available.",good
catherine.riggs@ymail.com,michael.mason@protonmail.com,New updates about Synergize from Ellis PLC,"Hi Matthew, just checking in regarding your experience with Engage in Kelseyhaven.",good
tyler.thompson@yahoo.com,jennifer.rogers@ymail.com,Let's discuss If at 08:59:36,"Dear Amy, don't forget your appointment at 10:51:39 this October.",good
tina.roberts@outlook.com,cody.davis@gmail.com,Reminder: Your appointment on Friday,"Dear Thomas, please join us at Calhoun, Dominguez and Dennis's online session on 2025-05-11.",good
jennifer.valdez@gmail.com,alexis.mccann@protonmail.com,Can we meet to talk about Grow web-enabled roi?,"Dear Briana, please join us at Carney-Lopez's online session on 2025-03-25.",good
rose.king@hotmail.com,laura.johnson@ymail.com,Next steps for Fall initiative,"Dear Christina, here’s a summary of your activity in August on Generate.",good
raymond.barry@yahoo.com,cheryl.clark@yahoo.com,Agenda for upcoming Mesh web-enabled experiences review,"Greetings Kevin, this is to inform you of your updated Generate status from Perez, Johnson and Mccoy as of 2025-05-09.",good
james.gardner@msn.com,amanda.wilson@protonmail.com,Update: Iterate intuitive models milestone on 2025-04-30,"Hello Jamie, the requested documents will be available by 04:51:28 on 2025-02-22.",good
jackie.ortiz@ymail.com,lucas.dennis@yahoo.com,Update: Synergize next-generation paradigms milestone on 2025-01-15,"Hi James, just a quick note from our team at Raymond, Watts and Gill about your Mesh appointment on 2025-01-14 in Jamesview.",good
daniel.thomas@protonmail.com,danielle.king@outlook.com,Don't miss the Productize bricks-and-clicks markets from Jackson-Chambers,"Hi Lisa, please confirm your availability for our meeting on 2025-01-01 at 08:01:15.",good
tyler.hicks@hotmail.com,christopher.williams@msn.com,Next steps for Section initiative,"Hello Amber, please download your receipt from Hodge-Brady dated 2025-05-09.",good
kevin.carpenter@outlook.com,edward.ramos@protonmail.com,Re: Appointment confirmation for 2025-03-27,"Hi Matthew, your Exploit has been successfully scheduled for delivery to Teresaburgh on 2025-05-17.",good
teresa.wright@msn.com,david.rosales@hotmail.com,Update: Cultivate dynamic experiences milestone on 2025-02-10,"Hi Richard, we're confirming your attendance to our Reinvent training in Kristiemouth.",good
lisa.mitchell@outlook.com,janet.daniels@ymail.com,Let's discuss Where at 09:17:48,"Hello James, the requested documents will be available by 16:35:28 on 2025-03-26.",good
angel.preston@protonmail.com,troy.peters@hotmail.com,Re: Discussion on Newspaper scheduled 18:48:33,"Hi Mark, your scheduled call with Smith-Miller is on 2025-03-20 at 06:21:46.",good
mario.moss@msn.com,nicolas.aguirre@outlook.com,Let's discuss Left at 22:17:57,"Hi Earl, we've attached the agenda for the upcoming call with Davis PLC.",good
katie.nelson@hotmail.com,lori.roberts@yahoo.com,Final call for Consider session on 2025-04-21,"Hello Marissa, your monthly report from Anthony, Rhodes and Brown is now available.",good
ashley.sutton@hotmail.com,ryan.wallace@msn.com,"Don't miss the Synergize front-end e-services from Myers, Thornton and Brown","Hi Rachel, just confirming your upcoming meeting at Young and Sons in Port John this July.",good
david.santos@outlook.com,robert.ruiz@yahoo.com,"Happy to announce Integrate seamless functionalities from Williams, Park and Cole","Dear Gabrielle, thanks for participating in our Cultivate beta in Jessicahaven.",good
james.bates@gmail.com,timothy.myers@ymail.com,Important: Incentivize end-to-end communities update from Miles and Sons,"Hello Faith, your trial for Iterate has been extended through November.",good
michael.young@hotmail.com,claudia.james@gmail.com,Schedule your session on 2025-01-23,"Dear Michael, thanks for participating in our Matrix beta in Johnview.",good
stephen.gomez@hotmail.com,donald.forbes@msn.com,Your feedback needed for Evolve holistic paradigms,"Dear Michael, thank you for choosing Hanson, Gibson and Fields. Your service will activate on 2025-03-08.",good
tony.cannon@gmail.com,christopher.ortiz@outlook.com,You're invited: Function-based 4thgeneration support on 2025-03-23,"Hello Michael, the requested documents will be available by 15:40:00 on 2025-03-11.",good
jason.brown@outlook.com,shannon.austin@yahoo.com,"Happy to announce Mesh killer content from Bowers, Marquez and Keller","Hi James, we're confirming your attendance to our Deploy training in Lisamouth.",good
shane.bautista@protonmail.com,james.fisher@protonmail.com,Action Required: Fire review before 2025-02-11,"Dear Jerry, please join us at Khan PLC's online session on 2025-05-12.",good
kimberly.lambert@ymail.com,joshua.ford@hotmail.com,Can we meet to talk about Unleash compelling systems?,"Dear Tracey, don't forget your appointment at 23:24:49 this April.",good
kaitlyn.black@hotmail.com,gerald.brown@protonmail.com,Agenda for upcoming Innovate innovative solutions review,"Hello John, a reminder about your scheduled check-in with Doyle-Martin this April.",good
matthew.lewis@msn.com,michelle.martinez@ymail.com,See you at the Automated intermediate solution!,"Dear Matthew, we’ve received your form and will contact you by 12:02:06 on 2025-02-12.",good
elizabeth.johnson@gmail.com,joseph.gonzalez@gmail.com,Re: Appointment confirmation for 2025-02-23,"Hi Daniel, please confirm your availability for our meeting on 2025-04-12 at 02:50:30.",good
nancy.owen@gmail.com,christopher.potter@msn.com,Details regarding the Centralized radical circuit you registered for,"Hi Cynthia, we're confirming your attendance to our Envisioneer training in Serranofort.",good
lindsey.patton@outlook.com,brendan.hicks@ymail.com,Let's discuss Hope at 23:12:57,"Dear Anne, here’s a summary of your activity in March on Engage.",good
mia.herrera@yahoo.com,bryan.miller@yahoo.com,Quick reminder: Phased directional middleware on May 2025-05-16,"Dear Annette, here’s a summary of your activity in September on Innovate.",good
kelsey.jacobs@msn.com,jenna.carroll@hotmail.com,Quick reminder: Profit-focused stable access on June 2025-01-28,"Hi Meredith, we hope to see you at our event in North Brucestad on 2025-04-10.",good
wyatt.jones@yahoo.com,kimberly.chavez@yahoo.com,Final call for Hand session on 2025-02-21,"Dear Alan, here’s a summary of your activity in October on Enhance.",good
shelby.torres@gmail.com,stacey.stevenson@ymail.com,Quick reminder: Profit-focused heuristic superstructure on September 2025-05-10,"Hello Stacy, your monthly report from Watson Ltd is now available.",good
corey.anderson@outlook.com,jasmine.perez@hotmail.com,Don't miss the Synthesize cutting-edge vortals from Black PLC,"Hi Joshua, please confirm your availability for our meeting on 2025-04-21 at 04:02:28.",good
raymond.aguilar@protonmail.com,stacey.lang@protonmail.com,See you at the Open-source 24/7 toolset!,"Hello Kevin, your trial for Expedite has been extended through August.",good
ricardo.burnett@outlook.com,jeffrey.freeman@outlook.com,Join us for the Implement scalable e-services this Tuesday,"Hi Mary, please review the attached summary of your Benchmark scheduled for 2025-03-07.",good
anna.williams@hotmail.com,rachel.gordon@ymail.com,Quick reminder: Virtual zero-defect concept on December 2025-02-14,"Hi Michael, we hope to see you at our event in Michaelport on 2025-02-04.",good
laura.hutchinson@hotmail.com,bobby.torres@yahoo.com,Next steps for Avoid initiative,"Dear Nicole, we've updated your records in our system as of 2025-02-10.",good
ronald.brown@protonmail.com,jamie.caldwell@gmail.com,Update: Benchmark front-end relationships milestone on 2025-03-23,"Dear Courtney, we’ve received your form and will contact you by 14:54:16 on 2025-03-09.",good
dana.miller@gmail.com,mike.johnson@msn.com,See you at the Advanced optimizing frame!,"Hello Jessica, the requested documents will be available by 20:45:42 on 2025-04-17.",good
edward.woods@protonmail.com,tiffany.payne@yahoo.com,Important: Repurpose extensible metrics update from Weiss and Sons,"Hi Steven, your scheduled call with James, Kim and Morris is on 2025-03-21 at 00:12:47.",good
brett.spencer@outlook.com,daniel.greene@hotmail.com,"Happy to announce Productize b2c content from Williams, Thomas and Perry","Hi David, your scheduled visit to Soto-Obrien is confirmed for 2025-03-20.",good
susan.ward@ymail.com,robert.floyd@hotmail.com,Details regarding the Optimized clear-thinking intranet you registered for,"Dear Danielle, we’ve received your form and will contact you by 01:53:49 on 2025-03-26.",good
angela.wright@outlook.com,marcus.hernandez@protonmail.com,Upcoming Streamlined transitional flexibility this Sunday,"Hi Patricia, we're happy to announce a new upgrade to Matrix, launching on 2025-01-21.",good
rachel.wolfe@hotmail.com,harold.allen@ymail.com,You're invited: Operative 3rdgeneration core on 2025-04-29,"Dear Robert, thank you for contacting Duffy, Ferrell and Hamilton. We'll reach out again by 2025-05-10.",good
melissa.fisher@protonmail.com,benjamin.horton@outlook.com,Invitation to Fundamental web-enabled Local Area Network by Lopez-Johnson,"Hello Timothy, your Implement account has been reviewed and updated as of 2025-02-13.",good
renee.clark@outlook.com,steven.lewis@gmail.com,See you at the Virtual scalable leverage!,"Dear Ashley, we've assigned your ticket to our Thompson-Graham representative in Jessicaton.",good
tara.perez@gmail.com,sharon.williams@outlook.com,Reminder: Your appointment on Friday,"Hello Janet, please check your calendar for availability in February.",good
chase.reese@outlook.com,dana.wood@hotmail.com,Action Required: Growth review before 2025-04-09,"Hi Carolyn, your Generate has been successfully scheduled for delivery to Davismouth on 2025-02-22.",good
john.dalton@protonmail.com,james.hubbard@outlook.com,Final call for Thing session on 2025-05-12,"Hi Matthew, please confirm your availability for our meeting on 2025-05-10 at 11:40:08.",good
megan.long@hotmail.com,christine.good@protonmail.com,Schedule your session on 2025-04-01,"Dear Cynthia, we noticed a recent activity from Lake Taylor on your Integrate.",good
pamela.smith@ymail.com,shawna.ramos@protonmail.com,Your feedback needed for Disintermediate revolutionary functionalities,"Dear Ryan, we've assigned your ticket to our Davis Ltd representative in South Mary.",good
danielle.fleming@msn.com,kimberly.richardson@outlook.com,"Important: Facilitate plug-and-play architectures update from Fisher, Burch and Long","Hi Jennifer, just checking in regarding your experience with Disintermediate in Chenstad.",good
mindy.carter@yahoo.com,jillian.tyler@yahoo.com,New updates about Exploit from Macdonald LLC,"Hi Shelly, we’re excited to see you in North Erica this March for the Incubate workshop.",good
andrea.ibarra@gmail.com,kevin.brown@ymail.com,Re: Discussion on White scheduled 19:15:19,"Hello Allen, we're looking forward to seeing you in Thomastown this September at 16:36:15.",good
donald.lee@ymail.com,cassidy.snyder@gmail.com,Upcoming Customizable interactive toolset this Saturday,"Dear Kelsey, don't forget your appointment at 02:02:49 this December.",good
marissa.rose@hotmail.com,erin.johnson@gmail.com,See you at the Organized analyzing product!,"Hi Dennis, we’re excited to see you in East Madeline this August for the Maximize workshop.",good
kathy.lucero@hotmail.com,michael.thompson@outlook.com,Happy to announce Aggregate web-enabled portals from Johnson-Rojas,"Hello Maria, your Architect account has been reviewed and updated as of 2025-03-19.",good
kevin.ballard@outlook.com,william.roberts@hotmail.com,See you at the Virtual full-range matrices!,"Hello Melissa, your trial for Mesh has been extended through December.",good
ivan.wright@gmail.com,rachel.romero@msn.com,Don't miss the Engineer one-to-one networks from Jones PLC,"Dear Gina, we appreciate your loyalty to Hall-Phillips. Expect an update by 10:46:29 tomorrow.",good
carrie.turner@ymail.com,betty.ford@ymail.com,Join us for the Maximize wireless vortals this Monday,"Hello Patrick, your trial for Cultivate has been extended through March.",good
alisha.butler@gmail.com,stephanie.johnson@gmail.com,Reminder: Your appointment on Saturday,"Dear Kelsey, don't forget your appointment at 13:47:31 this December.",good
joseph.singh@protonmail.com,meghan.simpson@outlook.com,Your feedback needed for Engage transparent e-tailers,"Hi John, just checking in regarding your experience with Implement in West Christopher.",good
amanda.jacobs@hotmail.com,valerie.guzman@ymail.com,Action Required: President review before 2025-04-03,"Hi Daniel, we’re excited to see you in North Brenda this January for the Aggregate workshop.",good
sarah.howell@hotmail.com,martha.martin@ymail.com,Action Required: Drop review before 2025-01-05,"Hello Tina, your trial for Envisioneer has been extended through July.",good
rachel.turner@protonmail.com,robin.fisher@outlook.com,Let's discuss Thus at 19:46:14,"Hello Frank, please download your receipt from Colon, Moreno and Simon dated 2025-01-26.",good
stephen.mccann@hotmail.com,susan.wilson@yahoo.com,Reminder: Your appointment on Wednesday,"Hi Derrick, please confirm your availability for our meeting on 2025-05-03 at 09:25:17.",good
cynthia.rodriguez@gmail.com,heather.clayton@yahoo.com,Meeting scheduled with Hernandez Ltd on 2025-04-27,"Hi Judith, we're confirming your attendance to our Target training in West Brian.",good
marissa.howell@msn.com,jamie.molina@protonmail.com,Final call for Rather session on 2025-01-31,"Dear Elizabeth, please join us at Hernandez PLC's online session on 2025-01-07.",good
luis.wilson@gmail.com,richard.morton@outlook.com,Happy to announce Engineer viral platforms from Davis Group,"Hi Andrew, we hope you're enjoying your experience with Seize. Let us know how we did!",good
joseph.flores@yahoo.com,robin.gordon@gmail.com,See you at the Mandatory exuding circuit!,"Hello Sean, please check your calendar for availability in October.",good
christy.matthews@msn.com,tammy.ward@protonmail.com,Reminder: Your appointment on Sunday,"Hi Derek, your scheduled visit to Morgan, Long and Richard is confirmed for 2025-01-27.",good
kristopher.hill@ymail.com,ann.graves@outlook.com,Important: Synergize b2c e-business update from Petersen-King,"Hello Amanda, your Scale evaluation is complete. Check your inbox on 2025-04-14.",good
peggy.adams@yahoo.com,john.gilbert@ymail.com,Monthly summary of Disintermediate killer models - January,"Hi Chad, we've attached the agenda for the upcoming call with Rhodes-Powers.",good
james.copeland@outlook.com,corey.smith@protonmail.com,Details regarding the De-engineered fresh-thinking circuit you registered for,"Dear Jonathan, we’ve received your form and will contact you by 07:17:16 on 2025-02-20.",good
jennifer.burton@protonmail.com,jesse.chavez@yahoo.com,Important: Engage synergistic applications update from Butler-Crawford,"Hi Thomas, just a quick note from our team at Hardy-Bean about your Leverage appointment on 2025-05-13 in Leahfort.",good
marco.livingston@hotmail.com,deborah.henson@protonmail.com,Update: Incubate scalable markets milestone on 2025-05-03,"Hi Alyssa, just confirming your upcoming meeting at West-Beck in Johnsonbury this June.",good
jean.rhodes@ymail.com,william.key@hotmail.com,Quick reminder: Upgradable secondary knowledge user on February 2025-02-03,"Dear Pedro, thanks for participating in our Transition beta in Nathanberg.",good
elizabeth.flowers@hotmail.com,amy.parker@ymail.com,Update: Innovate dynamic experiences milestone on 2025-01-14,"Dear Kristen, thanks for participating in our Synthesize beta in Ryanshire.",good
catherine.green@hotmail.com,timothy.cortez@ymail.com,Monthly summary of Architect transparent e-services - March,"Dear Elizabeth, we’ve received your form and will contact you by 19:17:01 on 2025-03-21.",good
shari.blackwell@msn.com,nicole.armstrong@gmail.com,"Happy to announce Monetize world-class applications from Rodriguez, Miller and Roberson","Hello Lindsey, the requested documents will be available by 04:39:24 on 2025-01-28.",good
sarah.gregory@ymail.com,sheryl.carlson@gmail.com,Update: Morph wireless roi milestone on 2025-01-28,"Dear Michelle, we've assigned your ticket to our Stewart and Sons representative in South Christopher.",good
virginia.lopez@gmail.com,alexander.brown@gmail.com,Schedule your session on 2025-03-23,"Hi Lisa, please review the attached summary of your Enable scheduled for 2025-04-05.",good
tiffany.cole@hotmail.com,joel.wilcox@hotmail.com,Update: Grow robust web-readiness milestone on 2025-04-16,"Dear Joe, thank you for contacting Dominguez-Moses. We'll reach out again by 2025-05-03.",good
jennifer.aguilar@msn.com,matthew.navarro@protonmail.com,Can we meet to talk about Expedite virtual applications?,"Hi Kevin, we're happy to announce a new upgrade to Benchmark, launching on 2025-01-25.",good
rick.drake@hotmail.com,andre.marshall@msn.com,Final call for North session on 2025-04-09,"Hi Suzanne, just confirming your upcoming meeting at Vaughn LLC in South Christopher this February.",good
michelle.brown@gmail.com,kristen.lee@outlook.com,Quick reminder: Integrated needs-based adapter on January 2025-03-13,"Dear Emily, we’re preparing your shipment to Dustinland and it should arrive by 2025-03-04.",good
rhonda.mahoney@ymail.com,benjamin.sullivan@yahoo.com,Update: Revolutionize killer relationships milestone on 2025-02-12,"Hi Ryan, we hope you're enjoying your experience with Morph. Let us know how we did!",good
nicholas.williams@protonmail.com,caleb.brown@hotmail.com,Agenda for upcoming Synergize dot-com e-commerce review,"Dear Kaitlin, we've updated your records in our system as of 2025-05-14.",good
derek.morrison@hotmail.com,elizabeth.riley@gmail.com,You're invited: Devolved 3rdgeneration architecture on 2025-03-01,"Dear Jared, here’s a summary of your activity in December on Enable.",good
micheal.anderson@hotmail.com,marcus.graham@ymail.com,Re: Appointment confirmation for 2025-04-16,"Dear Timothy, we’ve received your form and will contact you by 10:43:19 on 2025-04-18.",good
amy.harris@ymail.com,charlotte.delacruz@outlook.com,See you at the Grass-roots static matrices!,"Hello Ashley, your monthly report from Kelly PLC is now available.",good
kristy.burnett@gmail.com,kelli.baker@ymail.com,Monthly summary of Maximize enterprise bandwidth - February,"Hello Michael, a reminder about your scheduled check-in with Roy and Sons this May.",good
joseph.williams@outlook.com,francis.drake@gmail.com,Upcoming Pre-emptive foreground structure this Thursday,"Hi Michael, just a quick note from our team at Elliott LLC about your Matrix appointment on 2025-02-21 in Lake Amanda.",good
christina.alvarado@msn.com,sean.cannon@msn.com,Re: Discussion on Region scheduled 02:53:38,"Hello Kim, please check your calendar for availability in March.",good
deborah.holt@ymail.com,hannah.collins@ymail.com,Reminder: Your appointment on Thursday,"Hi Patrick, your scheduled visit to Gutierrez-Mcclure is confirmed for 2025-04-09.",good
stephanie.mcintyre@protonmail.com,darryl.snyder@yahoo.com,"Invitation to Innovative 3rdgeneration functionalities by Singh, Hernandez and Hutchinson","Greetings Jennifer, this is to inform you of your updated Cultivate status from Young, Wallace and Singh as of 2025-01-06.",good
ryan.torres@outlook.com,robert.buck@outlook.com,Invitation to Down-sized explicit focus group by Davis Inc,"Hi Sarah, just a quick note from our team at Nelson Inc about your Facilitate appointment on 2025-02-11 in Liubury.",good
steven.pacheco@ymail.com,angel.atkins@gmail.com,Upcoming Networked optimal pricing structure this Wednesday,"Dear Brenda, here’s a summary of your activity in June on Embrace.",good
donna.thompson@ymail.com,jonathan.weaver@gmail.com,Upcoming Switchable background emulation this Thursday,"Hi Jennifer, just checking in regarding your experience with Mesh in Fordstad.",good
haley.shields@ymail.com,brendan.lewis@protonmail.com,Final call for Player session on 2025-01-25,"Hello Christine, we're looking forward to seeing you in West Paigestad this May at 13:19:00.",good
dana.dean@gmail.com,steven.miller@protonmail.com,Re: Appointment confirmation for 2025-03-27,"Dear Kelly, we’re preparing your shipment to East Amanda and it should arrive by 2025-02-01.",good
alexis.matthews@msn.com,theresa.hansen@protonmail.com,"Invitation to Advanced systematic moratorium by Hatfield, Skinner and Harrell","Hello Spencer, a reminder about your scheduled check-in with Joyce, Delacruz and Banks this November.",good
rebecca.ball@hotmail.com,tiffany.buchanan@yahoo.com,Action Required: Reach review before 2025-03-16,"Hello Carol, please download your receipt from Miller-Arroyo dated 2025-02-05.",good
james.fischer@outlook.com,arthur.acevedo@hotmail.com,Monthly summary of Redefine turn-key web services - August,"Dear Shawn, we appreciate your loyalty to Sullivan-Hunt. Expect an update by 12:45:22 tomorrow.",good
adrienne.wilkerson@protonmail.com,cesar.nguyen@ymail.com,Final call for Into session on 2025-03-05,"Hello Emily, a reminder about your scheduled check-in with Ruiz, Miller and Ryan this December.",good
willie.nielsen@gmail.com,elizabeth.nelson@ymail.com,See you at the Persistent local implementation!,"Dear Jeffrey, thanks for participating in our Architect beta in North Justinland.",good
tiffany.rodgers@ymail.com,ian.walker@gmail.com,Details regarding the Innovative composite concept you registered for,"Hello Crystal, the requested documents will be available by 11:45:22 on 2025-01-14.",good
peggy.melendez@outlook.com,lindsey.sweeney@msn.com,Your feedback needed for Visualize compelling paradigms,"Hi Daniel, your scheduled call with Holmes-Greene is on 2025-05-03 at 10:50:20.",good
randy.solomon@hotmail.com,andrew.guerra@ymail.com,Agenda for upcoming Empower virtual platforms review,"Hi Sean, your scheduled call with Knox, Everett and Stafford is on 2025-01-29 at 16:19:06.",good
barbara.parker@hotmail.com,anthony.everett@gmail.com,Happy to announce Deploy cross-media solutions from Gonzalez and Sons,"Dear Shelley, we've updated your records in our system as of 2025-02-16.",good
melanie.smith@msn.com,ronnie.townsend@yahoo.com,Re: Discussion on Want scheduled 03:35:34,"Dear Samantha, thank you for choosing Harmon-Brown. Your service will activate on 2025-02-11.",good
yvette.rich@outlook.com,samuel.blair@hotmail.com,Action Required: Parent review before 2025-03-17,"Dear Michael, we appreciate your loyalty to Bradshaw Group. Expect an update by 07:56:52 tomorrow.",good
travis.velazquez@yahoo.com,lisa.carter@yahoo.com,Your feedback needed for Reinvent 24/7 networks,"Dear Amanda, we've updated your records in our system as of 2025-01-05.",good
heather.schneider@protonmail.com,robin.garcia@hotmail.com,Details regarding the Assimilated actuating benchmark you registered for,"Hi Shane, please confirm your availability for our meeting on 2025-01-24 at 19:32:11.",good
melissa.johnson@ymail.com,daniel.waller@hotmail.com,See you at the Reduced fresh-thinking knowledgebase!,"Hi Robert, your scheduled call with Osborn, Hurley and Warren is on 2025-04-24 at 12:50:05.",good
joshua.spencer@hotmail.com,carrie.white@ymail.com,Invitation to Seamless clear-thinking challenge by Cohen-Hernandez,"Dear Jason, we noticed a recent activity from Millerstad on your Orchestrate.",good
shaun.chung@msn.com,shawn.boyer@ymail.com,Invitation to Inverse leadingedge adapter by Porter-Carter,"Dear James, we've updated your records in our system as of 2025-01-15.",good
julie.perry@msn.com,timothy.young@msn.com,Details regarding the Persistent web-enabled database you registered for,"Dear Julia, we've updated your records in our system as of 2025-05-03.",good
james.long@outlook.com,maria.lane@outlook.com,Can we meet to talk about Repurpose seamless platforms?,"Hi Richard, we've attached the agenda for the upcoming call with Mccarthy PLC.",good
joanna.meyer@ymail.com,michael.macias@gmail.com,Action Required: Trouble review before 2025-04-23,"Hi Laura, we hope to see you at our event in Jacobside on 2025-05-13.",good
ann.schultz@msn.com,christian.mccoy@gmail.com,Action Required: Describe review before 2025-03-02,"Hello Clayton, our team will be in touch by 07:05:32 on 2025-03-11.",good
kimberly.austin@hotmail.com,stephen.rocha@hotmail.com,Meeting scheduled with Gibson and Sons on 2025-04-12,"Greetings Timothy, this is to inform you of your updated Innovate status from Miles, Hodges and Myers as of 2025-01-28.",good
michael.gomez@protonmail.com,donna.colon@gmail.com,Details regarding the Cross-group didactic architecture you registered for,"Hello Jesse, please check your calendar for availability in December.",good
melissa.olson@protonmail.com,shannon.fisher@hotmail.com,Action Required: Upon review before 2025-04-26,"Hello Roberto, our team will be in touch by 00:58:39 on 2025-01-11.",good
allen.rice@gmail.com,stephanie.bryant@msn.com,You're invited: Managed upward-trending circuit on 2025-04-21,"Hello Kaitlyn, your Embrace evaluation is complete. Check your inbox on 2025-04-11.",good
bruce.mcgee@msn.com,stacey.brooks@hotmail.com,"Invitation to Switchable dynamic frame by Luna, Hernandez and Santiago","Hello Pamela, your order from Ayala PLC will arrive in East Stephanie on 2025-05-16.",good
garrett.white@msn.com,angela.castro@protonmail.com,Invitation to Proactive composite software by Valdez-James,"Hello Emily, we're looking forward to seeing you in South Keithburgh this April at 15:08:45.",good
katherine.drake@protonmail.com,ruben.jones@ymail.com,Details regarding the Innovative asymmetric encoding you registered for,"Hi Charles, we hope to see you at our event in Atkinsburgh on 2025-04-20.",good
billy.villa@outlook.com,bryan.krause@gmail.com,You're invited: Profit-focused eco-centric architecture on 2025-02-19,"Dear Andrew, we’ve received your form and will contact you by 03:41:45 on 2025-01-18.",good
steven.russell@outlook.com,courtney.gaines@hotmail.com,Don't miss the Incentivize ubiquitous solutions from Martinez and Sons,"Hello Eugene, the requested documents will be available by 08:55:29 on 2025-01-18.",good
alfred.heath@protonmail.com,jeffrey.james@msn.com,Join us for the Incentivize revolutionary infrastructures this Wednesday,"Hello Todd, your monthly report from Parsons, Miller and Alvarez is now available.",good
thomas.nixon@protonmail.com,deborah.rice@msn.com,Quick reminder: Pre-emptive optimizing protocol on June 2025-03-17,"Hello Todd, your monthly report from Santiago PLC is now available.",good
jamie.contreras@gmail.com,theodore.rivera@hotmail.com,Join us for the Deliver collaborative markets this Monday,"Dear Daniel, thank you for contacting Gill Ltd. We'll reach out again by 2025-05-01.",good
ian.ramirez@ymail.com,matthew.gilbert@msn.com,Agenda for upcoming Enable cross-media applications review,"Hi Joel, please confirm your availability for our meeting on 2025-04-23 at 22:58:32.",good
kyle.richards@ymail.com,timothy.king@outlook.com,Meeting scheduled with Murphy-Snyder on 2025-04-07,"Hi Kelli, just checking in regarding your experience with Incentivize in North Kimberlyshire.",good
travis.murphy@yahoo.com,elizabeth.hess@ymail.com,Upcoming Expanded content-based instruction set this Thursday,"Hi Melissa, we’re excited to see you in Franklinbury this March for the Orchestrate workshop.",good
jeffrey.johnson@protonmail.com,kelly.washington@msn.com,"Important: Synthesize user-centric systems update from Moore, Mitchell and Parker","Hello Brandon, your order from Mckay-Phillips will arrive in Port Douglas on 2025-04-18.",good
ryan.marquez@ymail.com,charles.walker@hotmail.com,Your feedback needed for Disintermediate web-enabled supply-chains,"Hi Andrea, we’re excited to see you in North Brooke this December for the Envisioneer workshop.",good
meghan.mccormick@gmail.com,christopher.turner@ymail.com,Re: Discussion on Collection scheduled 01:05:55,"Hi Stephen, we hope to see you at our event in New Becky on 2025-01-03.",good
kathleen.holder@gmail.com,matthew.abbott@gmail.com,Monthly summary of Integrate customized vortals - August,"Hi Christine, your next billing date is set for 2025-03-16.",good
don.rubio@outlook.com,francisco.castillo@yahoo.com,Important: Reinvent 24/7 interfaces update from Lester PLC,"Hi Darren, we're happy to announce a new upgrade to Orchestrate, launching on 2025-05-05.",good
linda.schroeder@msn.com,joshua.riggs@hotmail.com,Can we meet to talk about Architect best-of-breed solutions?,"Hello Joshua, our team will be in touch by 05:03:06 on 2025-04-09.",good
jessica.freeman@msn.com,regina.davis@outlook.com,Quick reminder: Fully-configurable dedicated data-warehouse on April 2025-05-09,"Hello Corey, your monthly report from Roach-Anderson is now available.",good
richard.holmes@outlook.com,eric.ramos@ymail.com,Reminder: Your appointment on Saturday,"Dear James, please join us at Greer Inc's online session on 2025-01-22.",good
ebony.bell@outlook.com,christopher.thompson@hotmail.com,Your feedback needed for Brand dot-com metrics,"Hello Brittney, your Extend account has been reviewed and updated as of 2025-01-28.",good
james.green@protonmail.com,jacqueline.may@gmail.com,Your feedback needed for Cultivate 24/365 synergies,"Hello Susan, our team will be in touch by 11:35:50 on 2025-01-08.",good
jennifer.sanchez@ymail.com,evan.moses@outlook.com,Monthly summary of Aggregate synergistic portals - December,"Dear Kyle, we’re preparing your shipment to Jasminetown and it should arrive by 2025-03-04.",good
elizabeth.collins@ymail.com,johnny.li@ymail.com,"Important: Re-contextualize turn-key eyeballs update from Barnes, Olson and Vasquez","Hi James, your next billing date is set for 2025-04-05.",good
lauren.bartlett@msn.com,jonathan.martinez@protonmail.com,Your feedback needed for Generate bricks-and-clicks methodologies,"Dear Samantha, we’re preparing your shipment to West Traciefort and it should arrive by 2025-03-19.",good
shelby.cardenas@outlook.com,daniel.hudson@gmail.com,Upcoming Focused user-facing matrix this Friday,"Dear Edward, please join us at Clark, Brown and Harrell's online session on 2025-04-20.",good
gregory.dawson@yahoo.com,francis.romero@protonmail.com,Meeting scheduled with Woods LLC on 2025-03-13,"Hi Linda, your scheduled visit to Martin PLC is confirmed for 2025-04-07.",good
austin.collins@hotmail.com,katherine.kaiser@ymail.com,Agenda for upcoming Reinvent extensible infrastructures review,"Hello Cheryl, your order from Smith Group will arrive in North Catherine on 2025-02-15.",good
jessica.harris@yahoo.com,barbara.conley@msn.com,Re: Appointment confirmation for 2025-03-28,"Hi Selena, your scheduled visit to Orr, Flores and Smith is confirmed for 2025-02-18.",good
taylor.lawson@hotmail.com,jennifer.ross@msn.com,Re: Appointment confirmation for 2025-02-03,"Hello Jeff, your password reset link was sent at 09:46:36 today.",good
angela.smith@yahoo.com,brian.rodriguez@gmail.com,Meeting scheduled with Gilmore LLC on 2025-04-12,"Hi Kristin, just checking in regarding your experience with Generate in Taylorshire.",good
samantha.pugh@protonmail.com,lisa.russell@outlook.com,"New updates about Unleash from Stark, Sellers and Bowers","Hello Sheila, we're looking forward to seeing you in Lake Christopher this September at 03:04:00.",good
noah.smith@gmail.com,pamela.hernandez@protonmail.com,Agenda for upcoming Envisioneer proactive paradigms review,"Dear Blake, we’re preparing your shipment to Lucashaven and it should arrive by 2025-03-10.",good
amy.lam@hotmail.com,michelle.fox@gmail.com,Meeting scheduled with Harris-Martinez on 2025-03-31,"Hi Peter, your next billing date is set for 2025-01-03.",good
alexander.stevens@ymail.com,miranda.martinez@yahoo.com,Agenda for upcoming Streamline mission-critical initiatives review,"Dear Heather, thank you for contacting Watts, Heath and Hull. We'll reach out again by 2025-04-10.",good
karla.potts@outlook.com,sarah.ray@protonmail.com,Let's discuss Human at 05:22:20,"Dear Joshua, thanks for participating in our Drive beta in North Angela.",good
alan.palmer@hotmail.com,scott.schwartz@hotmail.com,Can we meet to talk about Deploy synergistic web services?,"Hello Patrick, a reminder about your scheduled check-in with Jimenez-Moreno this June.",good
steven.reyes@protonmail.com,jessica.rose@msn.com,Re: Discussion on Serve scheduled 09:10:42,"Hello Dominique, your password reset link was sent at 16:20:54 today.",good
jose.bray@hotmail.com,cody.welch@hotmail.com,Your feedback needed for Aggregate back-end portals,"Hello Lee, your password reset link was sent at 14:57:30 today.",good
michael.welch@hotmail.com,tammy.roberts@yahoo.com,Update: Maximize efficient supply-chains milestone on 2025-03-24,"Hello Rachel, your order from Patton-Spence will arrive in Jenniferfort on 2025-05-11.",good
amanda.cohen@ymail.com,ashley.miles@yahoo.com,Details regarding the User-centric background support you registered for,"Hi Susan, just confirming your upcoming meeting at Patel-Haney in Danastad this June.",good
chad.jones@hotmail.com,joshua.alexander@outlook.com,Next steps for Bit initiative,"Hello Jeffrey, we're looking forward to seeing you in Robinsonberg this March at 16:44:50.",good
christopher.frost@hotmail.com,erica.fisher@msn.com,"New updates about Whiteboard from Brady, Fitzgerald and Torres","Hi Brittney, just a quick note from our team at Carey-Brennan about your Disintermediate appointment on 2025-01-07 in Knightstad.",good
david.hampton@protonmail.com,alan.brown@msn.com,See you at the Managed content-based function!,"Hello Joshua, our team will be in touch by 07:26:14 on 2025-04-05.",good
lori.wilson@protonmail.com,catherine.gray@hotmail.com,Action Required: Seek review before 2025-03-09,"Greetings Joseph, this is to inform you of your updated Envisioneer status from Haynes, Martin and Bruce as of 2025-02-07.",good
michael.hoffman@protonmail.com,brandon.gonzales@hotmail.com,"Important: Syndicate vertical convergence update from Schmidt, Horton and Nguyen","Hello Maxwell, your Monetize evaluation is complete. Check your inbox on 2025-04-28.",good
emily.hall@ymail.com,charles.guzman@protonmail.com,Reminder: Your appointment on Thursday,"Dear Matthew, here’s a summary of your activity in July on Repurpose.",good
jacob.jones@gmail.com,robert.hicks@outlook.com,Important: Cultivate customized e-services update from Robinson LLC,"Hi Yolanda, we're confirming your attendance to our Evolve training in South Markstad.",good
kelsey.thompson@msn.com,john.rosario@hotmail.com,Details regarding the Up-sized multi-state hierarchy you registered for,"Hi Lydia, just confirming your upcoming meeting at Alexander-Rivera in Bairdport this July.",good
richard.christensen@yahoo.com,jennifer.dudley@hotmail.com,Can we meet to talk about Extend viral e-business?,"Hi Donna, just confirming your upcoming meeting at Cooper Inc in Port Andrea this June.",good
matthew.stephens@yahoo.com,wanda.arellano@protonmail.com,Your feedback needed for Re-contextualize bleeding-edge platforms,"Dear Tyler, we appreciate your loyalty to Suarez Group. Expect an update by 20:52:58 tomorrow.",good
kimberly.rivers@yahoo.com,chelsea.nguyen@outlook.com,Reminder: Your appointment on Monday,"Dear Debra, thanks for participating in our Redefine beta in Butlerhaven.",good
lindsay.foley@hotmail.com,jose.villegas@outlook.com,Your feedback needed for Implement end-to-end models,"Hi Belinda, your next billing date is set for 2025-04-22.",good
james.vargas@gmail.com,donna.moore@hotmail.com,Next steps for Want initiative,"Hello Richard, your monthly report from Baker-Harris is now available.",good
ana.powell@outlook.com,betty.peters@protonmail.com,You're invited: Optimized needs-based throughput on 2025-05-12,"Hi Lori, just confirming your upcoming meeting at Mason and Sons in Fritzberg this May.",good
nicole.stephens@msn.com,justin.roach@ymail.com,Agenda for upcoming Monetize rich models review,"Hi Valerie, we hope you're enjoying your experience with Exploit. Let us know how we did!",good
douglas.becker@ymail.com,ebony.lane@protonmail.com,Can we meet to talk about Engineer turn-key communities?,"Dear Julie, we’re preparing your shipment to Joelchester and it should arrive by 2025-01-25.",good
fred.stevenson@yahoo.com,sarah.brandt@gmail.com,Re: Discussion on Safe scheduled 07:51:44,"Dear Aaron, we've updated your records in our system as of 2025-03-18.",good
alison.mendez@yahoo.com,luke.barajas@yahoo.com,Re: Appointment confirmation for 2025-01-26,"Hi Luis, we’re excited to see you in North Travisbury this January for the Extend workshop.",good
diana.hoffman@protonmail.com,darius.mahoney@outlook.com,Agenda for upcoming Integrate proactive applications review,"Dear Jonathon, we noticed a recent activity from Stacyview on your Drive.",good
david.meyer@gmail.com,john.parker@outlook.com,Your feedback needed for Synergize wireless e-services,"Hello Derrick, your trial for Incentivize has been extended through June.",good
steven.torres@hotmail.com,jason.fisher@ymail.com,Monthly summary of Empower virtual applications - February,"Hi George, please review the attached summary of your Transform scheduled for 2025-04-28.",good
corey.taylor@gmail.com,elizabeth.morales@hotmail.com,Meeting scheduled with Moore and Sons on 2025-01-21,"Hi David, just checking in regarding your experience with Engage in Whiteborough.",good
peggy.stanley@outlook.com,hayley.aguilar@ymail.com,Update: Re-contextualize leading-edge experiences milestone on 2025-05-03,"Hi Gina, your next billing date is set for 2025-01-29.",good
stephanie.hansen@protonmail.com,karl.farley@hotmail.com,Final call for Near session on 2025-05-08,"Dear Gerald, thanks for participating in our Incentivize beta in Sheilamouth.",good
robert.randolph@outlook.com,monica.martinez@outlook.com,Update: Disintermediate viral partnerships milestone on 2025-03-15,"Hello Ronald, your trial for Target has been extended through May.",good
derek.thompson@outlook.com,amy.fox@ymail.com,Join us for the Benchmark 24/7 action-items this Monday,"Dear Kathryn, thanks for participating in our Orchestrate beta in Steventown.",good
reginald.smith@yahoo.com,emily.kidd@hotmail.com,Upcoming Multi-lateral client-driven capability this Tuesday,"Dear Terri, we’ve received your form and will contact you by 09:20:18 on 2025-05-03.",good
tara.sanchez@protonmail.com,brittany.richmond@outlook.com,Details regarding the Upgradable homogeneous matrix you registered for,"Hello Amanda, your password reset link was sent at 14:15:40 today.",good
ryan.mitchell@yahoo.com,jennifer.molina@outlook.com,Invitation to Persevering asymmetric Local Area Network by Wood Group,"Hi Amber, just a quick note from our team at Nixon Inc about your Monetize appointment on 2025-04-01 in Beasleyside.",good
james.scott@outlook.com,juan.lewis@msn.com,Final call for Themselves session on 2025-02-07,"Hi Marcia, we're happy to announce a new upgrade to Architect, launching on 2025-01-10.",good
amy.bailey@hotmail.com,heather.reese@protonmail.com,Your feedback needed for Seize viral roi,"Hi Abigail, please confirm your availability for our meeting on 2025-04-04 at 00:39:02.",good
robert.booker@ymail.com,kyle.hicks@msn.com,Next steps for This initiative,"Greetings Tina, this is to inform you of your updated Seize status from Horton-Foster as of 2025-03-07.",good
jon.silva@protonmail.com,ronald.johnson@msn.com,Re: Appointment confirmation for 2025-02-03,"Dear Douglas, we’re preparing your shipment to Michaelhaven and it should arrive by 2025-03-18.",good
dean.davis@msn.com,laura.price@ymail.com,Don't miss the Envisioneer holistic eyeballs from Booth and Sons,"Hello Shawn, your Seize account has been reviewed and updated as of 2025-03-01.",good
peter.carr@gmail.com,jessica.davis@protonmail.com,"Don't miss the Monetize sticky niches from Alvarez, Watkins and Juarez","Hello John, your Evolve account has been reviewed and updated as of 2025-05-07.",good
louis.reese@ymail.com,brandon.sparks@hotmail.com,Agenda for upcoming Maximize wireless applications review,"Dear Cory, thank you for choosing Mcclure PLC. Your service will activate on 2025-04-28.",good
kelsey.clark@protonmail.com,lisa.morales@msn.com,Let's discuss Doctor at 14:13:47,"Hello Stephen, we're looking forward to seeing you in East Traci this August at 00:19:00.",good
daniel.hester@yahoo.com,kendra.santiago@hotmail.com,"Don't miss the Incentivize killer experiences from Garcia, Ford and Rodriguez","Dear Amy, we’re preparing your shipment to South Daniel and it should arrive by 2025-02-23.",good
melissa.perry@gmail.com,erica.mccormick@hotmail.com,Upcoming Balanced mobile attitude this Saturday,"Hi Michael, we're confirming your attendance to our Synergize training in New Oscar.",good
sarah.young@hotmail.com,gloria.jones@yahoo.com,Happy to announce Repurpose b2b supply-chains from Williams-Lara,"Hello Derrick, your password reset link was sent at 21:01:02 today.",good
nicole.ruiz@ymail.com,charles.gay@hotmail.com,See you at the Team-oriented well-modulated attitude!,"Hi Patricia, we're confirming your attendance to our Brand training in East Carol.",good
andrew.long@protonmail.com,steve.ewing@outlook.com,Important: Deliver user-centric infrastructures update from Holloway LLC,"Hi Omar, just a quick note from our team at Coleman-Short about your Whiteboard appointment on 2025-03-06 in North Christopher.",good
james.sharp@protonmail.com,teresa.gibson@hotmail.com,Happy to announce Repurpose interactive eyeballs from Martin Ltd,"Hi John, please confirm your availability for our meeting on 2025-04-20 at 22:17:54.",good
walter.moore@outlook.com,kelly.yang@outlook.com,Reminder: Your appointment on Tuesday,"Hi Michael, just checking in regarding your experience with Unleash in Stephaniemouth.",good
cameron.petersen@gmail.com,kelsey.edwards@gmail.com,Schedule your session on 2025-04-15,"Hi Jon, please confirm your availability for our meeting on 2025-02-07 at 04:18:09.",good
richard.nelson@msn.com,melissa.alexander@ymail.com,Re: Discussion on Reduce scheduled 12:12:01,"Hello Patricia, a reminder about your scheduled check-in with Campbell, Harper and Salas this May.",good
colleen.stanton@gmail.com,david.willis@protonmail.com,Details regarding the User-friendly multi-tasking structure you registered for,"Hello Katrina, please download your receipt from Sparks Inc dated 2025-05-17.",good
tristan.smith@yahoo.com,mary.dunlap@ymail.com,Re: Discussion on Which scheduled 00:50:00,"Hi Michael, we hope to see you at our event in East Kurt on 2025-03-06.",good
timothy.campos@yahoo.com,heather.brown@msn.com,Upcoming Balanced disintermediate hierarchy this Friday,"Hi Jason, your next billing date is set for 2025-04-21.",good
amanda.williams@gmail.com,adam.park@outlook.com,Your feedback needed for Architect strategic channels,"Hi Kristin, please confirm your availability for our meeting on 2025-04-27 at 12:36:57.",good
david.luna@outlook.com,cassie.cook@msn.com,Important: Utilize revolutionary niches update from Bradley Group,"Hi Jeremy, please review the attached summary of your Seize scheduled for 2025-03-06.",good
sandra.douglas@hotmail.com,brett.johnson@yahoo.com,Important: Transition real-time web-readiness update from Friedman-Hansen,"Dear Brian, we’ve received your form and will contact you by 21:17:37 on 2025-04-30.",good
heather.baldwin@ymail.com,tyler.smith@msn.com,Action Required: Son review before 2025-03-10,"Dear Daniel, thank you for choosing Schmidt Group. Your service will activate on 2025-02-01.",good
megan.green@protonmail.com,kimberly.jensen@yahoo.com,Your feedback needed for Syndicate end-to-end e-markets,"Dear Steve, we’ve received your form and will contact you by 10:06:43 on 2025-05-13.",good
holly.medina@msn.com,jane.mccoy@protonmail.com,Quick reminder: Seamless empowering portal on August 2025-04-07,"Dear Michael, thank you for contacting Harris-Cox. We'll reach out again by 2025-03-24.",good
melissa.collins@yahoo.com,jillian.rice@protonmail.com,Invitation to Self-enabling exuding customer loyalty by Jones Group,"Hello Timothy, your Transition account has been reviewed and updated as of 2025-05-09.",good
jill.kim@outlook.com,antonio.white@outlook.com,Happy to announce Architect back-end action-items from Ortiz Ltd,"Hi Amanda, please review the attached summary of your Monetize scheduled for 2025-05-06.",good
jessica.morales@msn.com,kathleen.lucas@gmail.com,Re: Appointment confirmation for 2025-02-07,"Hi Rita, we hope you're enjoying your experience with Embrace. Let us know how we did!",good
jessica.miller@msn.com,james.mueller@gmail.com,Next steps for Response initiative,"Hello Andrew, our team will be in touch by 05:18:56 on 2025-04-13.",good
jennifer.riley@gmail.com,joseph.logan@hotmail.com,Details regarding the Optional global service-desk you registered for,"Hi Luis, we're confirming your attendance to our Facilitate training in Reevesland.",good
mary.blackwell@protonmail.com,alexandria.lewis@hotmail.com,Invitation to Future-proofed exuding analyzer by Day Inc,"Hi Paula, just checking in regarding your experience with Leverage in West Catherine.",good
ashley.owen@yahoo.com,erica.baker@outlook.com,Re: Discussion on Media scheduled 16:36:41,"Hello Jason, your trial for Mesh has been extended through November.",good
david.gaines@hotmail.com,matthew.bridges@ymail.com,Action Required: Than review before 2025-05-04,"Hi Tyler, we're happy to announce a new upgrade to Transform, launching on 2025-02-08.",good
david.jacobson@outlook.com,brenda.martinez@msn.com,Re: Discussion on Party scheduled 07:37:57,"Hi John, we're happy to announce a new upgrade to Target, launching on 2025-04-21.",good
collin.delgado@outlook.com,brandon.lee@yahoo.com,Can we meet to talk about Revolutionize b2c users?,"Hi Allison, just checking in regarding your experience with Productize in West Robertaport.",good
tara.tran@gmail.com,jennifer.martinez@outlook.com,Meeting scheduled with Roberts-Mendoza on 2025-03-22,"Dear Jodi, we’ve received your form and will contact you by 19:07:31 on 2025-03-29.",good
samantha.smith@hotmail.com,scott.lee@ymail.com,Agenda for upcoming Empower extensible platforms review,"Hello Bruce, our team will be in touch by 22:23:01 on 2025-03-28.",good
tara.khan@yahoo.com,kevin.harrington@gmail.com,Join us for the E-enable open-source mindshare this Monday,"Hello Teresa, please check your calendar for availability in September.",good
derek.morgan@outlook.com,maria.jacobs@outlook.com,Meeting scheduled with Ward-Johnson on 2025-04-05,"Dear Amy, we’ve received your form and will contact you by 09:24:22 on 2025-02-15.",good
james.wiley@outlook.com,douglas.martinez@msn.com,Update: Transform integrated web services milestone on 2025-01-22,"Dear Alicia, we've assigned your ticket to our Fischer and Sons representative in South Michael.",good
anthony.bray@protonmail.com,duane.bishop@ymail.com,Quick reminder: Optimized bottom-line ability on August 2025-02-18,"Hi Heather, we hope you're enjoying your experience with Morph. Let us know how we did!",good
david.bennett@hotmail.com,kathy.obrien@outlook.com,Next steps for Treatment initiative,"Hi Ariel, your scheduled call with Mann Inc is on 2025-04-22 at 06:46:56.",good
emily.foster@outlook.com,eugene.booth@yahoo.com,Reminder: Your appointment on Sunday,"Hi Shawn, we hope to see you at our event in East Alice on 2025-03-13.",good
john.lewis@hotmail.com,jessica.ward@ymail.com,Don't miss the Incentivize turn-key initiatives from Perez-Brown,"Hi Lynn, your next billing date is set for 2025-01-02.",good
raymond.may@msn.com,wendy.briggs@hotmail.com,Upcoming Phased 24hour implementation this Thursday,"Dear Justin, here’s a summary of your activity in November on Synergize.",good
deborah.jackson@hotmail.com,james.brown@outlook.com,Schedule your session on 2025-05-03,"Hi Emily, we're confirming your attendance to our Exploit training in East Destiny.",good
angela.harris@msn.com,robert.griffin@gmail.com,Can we meet to talk about Innovate user-centric solutions?,"Dear Christina, we appreciate your loyalty to Clayton-Allen. Expect an update by 22:17:57 tomorrow.",good
jason.clark@protonmail.com,mark.west@hotmail.com,Details regarding the Reverse-engineered tangible throughput you registered for,"Hi Ronald, we’re excited to see you in New Lauren this March for the Engineer workshop.",good
deborah.graham@yahoo.com,bradley.winters@yahoo.com,Agenda for upcoming Envisioneer rich relationships review,"Hi Michael, just checking in regarding your experience with Integrate in Samanthamouth.",good
deanna.brown@ymail.com,karen.johnson@yahoo.com,Reminder: Your appointment on Friday,"Dear Jimmy, we appreciate your loyalty to Smith Ltd. Expect an update by 12:46:57 tomorrow.",good
cody.madden@outlook.com,rita.thomas@protonmail.com,Join us for the Engineer mission-critical portals this Friday,"Hi Debbie, we hope to see you at our event in Michaelmouth on 2025-02-25.",good
pedro.vincent@msn.com,sarah.gross@gmail.com,"Invitation to Intuitive web-enabled hub by Cuevas, Thompson and Bonilla","Hi Colton, we're confirming your attendance to our Optimize training in South Anthonyhaven.",good
frederick.martinez@protonmail.com,joshua.bailey@outlook.com,Happy to announce Iterate clicks-and-mortar applications from Davis Ltd,"Dear Cheyenne, we’re preparing your shipment to Barryfort and it should arrive by 2025-01-30.",good
jesse.harmon@hotmail.com,mario.fischer@outlook.com,Upcoming Organized dynamic concept this Saturday,"Hello Derek, a reminder about your scheduled check-in with Hart, King and Serrano this December.",good
kathryn.ramirez@msn.com,katie.carr@msn.com,Invitation to Universal zero tolerance focus group by Mitchell LLC,"Hi Eric, we hope you're enjoying your experience with Aggregate. Let us know how we did!",good
jaclyn.friedman@hotmail.com,angela.gonzalez@msn.com,Next steps for Well initiative,"Hello Jamie, your trial for Target has been extended through July.",good
natalie.davis@yahoo.com,christopher.hawkins@outlook.com,Next steps for Skin initiative,"Hello April, your Mesh account has been reviewed and updated as of 2025-03-21.",good
susan.tanner@hotmail.com,caroline.jacobs@msn.com,Quick reminder: Operative zero administration solution on July 2025-01-28,"Hi Nancy, your next billing date is set for 2025-03-06.",good
clifford.shaw@outlook.com,gary.barnes@ymail.com,Don't miss the Streamline turn-key networks from Wilson LLC,"Hello Caitlyn, your monthly report from Tucker-Washington is now available.",good
kevin.smith@msn.com,karen.hoffman@hotmail.com,Reminder: Your appointment on Sunday,"Hi Sarah, we're confirming your attendance to our Repurpose training in Mariachester.",good
karen.vega@yahoo.com,mark.wallace@msn.com,Schedule your session on 2025-03-08,"Hi Michael, we're confirming your attendance to our Matrix training in Port Dean.",good
taylor.torres@gmail.com,kevin.warren@outlook.com,"Meeting scheduled with Smith, Robinson and Powers on 2025-01-23","Hello Melissa, your password reset link was sent at 22:58:51 today.",good
jesus.ward@protonmail.com,brian.stevens@protonmail.com,Can we meet to talk about Syndicate viral action-items?,"Hi Linda, we've attached the agenda for the upcoming call with Howard, Martin and Thomas.",good
stephanie.huerta@yahoo.com,megan.chan@ymail.com,See you at the Profound full-range success!,"Dear Wayne, please join us at Solis LLC's online session on 2025-01-11.",good
julia.gill@msn.com,barry.hartman@yahoo.com,Reminder: Your appointment on Sunday,"Hello John, your trial for Re-intermediate has been extended through March.",good
calvin.walker@yahoo.com,leah.leonard@gmail.com,Update: Mesh cross-media relationships milestone on 2025-03-13,"Hi Brian, just checking in regarding your experience with Repurpose in Charlesshire.",good
mark.schneider@hotmail.com,robert.hopkins@hotmail.com,Reminder: Your appointment on Tuesday,"Hello Jonathon, your password reset link was sent at 01:55:51 today.",good
debra.booth@gmail.com,jennifer.sweeney@gmail.com,Let's discuss Democrat at 00:44:56,"Hi Jeremy, we’re excited to see you in New Teresa this February for the Repurpose workshop.",good
michael.sullivan@yahoo.com,george.hansen@yahoo.com,Monthly summary of Leverage innovative solutions - February,"Hello Alfred, your order from Rhodes, Powell and Scott will arrive in Lake Melissatown on 2025-01-21.",good
douglas.davis@ymail.com,jennifer.jones@msn.com,Re: Discussion on Step scheduled 06:33:16,"Hi Tina, please review the attached summary of your Re-contextualize scheduled for 2025-02-20.",good
robin.glover@outlook.com,isabella.logan@outlook.com,Re: Discussion on Dog scheduled 03:13:05,"Dear Lauren, we noticed a recent activity from Jamieport on your Incubate.",good
sylvia.hoffman@outlook.com,susan.brown@yahoo.com,Action Required: Bring review before 2025-02-20,"Hello Robert, we're looking forward to seeing you in West Jeffrey this April at 12:56:18.",good
lorraine.skinner@ymail.com,katherine.mahoney@hotmail.com,Update: Repurpose synergistic markets milestone on 2025-05-01,"Hello Sarah, your password reset link was sent at 15:01:36 today.",good
natalie.mann@protonmail.com,april.bowen@yahoo.com,Monthly summary of Grow virtual models - June,"Hi Kevin, just checking in regarding your experience with Innovate in Mollymouth.",good
hailey.medina@protonmail.com,robin.bishop@gmail.com,Join us for the Synergize b2b initiatives this Wednesday,"Dear Amy, we appreciate your loyalty to Duncan PLC. Expect an update by 23:42:52 tomorrow.",good
james.scott@protonmail.com,ronald.hunter@yahoo.com,Happy to announce Embrace enterprise applications from Drake and Sons,"Hello Christine, the requested documents will be available by 09:01:44 on 2025-04-27.",good
timothy.barnes@yahoo.com,jose.sanchez@msn.com,New updates about Whiteboard from Padilla-Patterson,"Hi Jessica, just a quick note from our team at Burke-Snyder about your Iterate appointment on 2025-04-12 in Joneshaven.",good
kevin.cobb@outlook.com,jason.sullivan@outlook.com,Your feedback needed for Re-intermediate open-source supply-chains,"Hello Joseph, we're looking forward to seeing you in Jamesburgh this December at 01:55:39.",good
crystal.holt@msn.com,scott.phillips@hotmail.com,Final call for Better session on 2025-01-03,"Hi Eric, just a quick note from our team at Massey-Carroll about your Evolve appointment on 2025-03-07 in North Jodiside.",good
carlos.anderson@ymail.com,joshua.roberts@protonmail.com,See you at the Organic grid-enabled website!,"Hello Amanda, please check your calendar for availability in November.",good
matthew.rivera@protonmail.com,nicole.knight@yahoo.com,Re: Appointment confirmation for 2025-01-06,"Dear Kimberly, here’s a summary of your activity in July on Facilitate.",good
samuel.lee@ymail.com,carrie.williams@msn.com,"Important: Benchmark wireless e-tailers update from Adams, Orozco and Good","Hello Sean, we're looking forward to seeing you in East Mike this March at 00:49:05.",good
johnny.odom@ymail.com,andrew.smith@ymail.com,Join us for the Expedite viral experiences this Tuesday,"Hello Joe, your order from Guerrero-Ware will arrive in North Sarachester on 2025-01-11.",good
alan.wells@outlook.com,shelia.medina@outlook.com,Schedule your session on 2025-01-23,"Dear Nicholas, we appreciate your loyalty to Floyd-Wilkerson. Expect an update by 11:50:44 tomorrow.",good
kathleen.gross@gmail.com,debbie.jones@hotmail.com,Re: Discussion on Be scheduled 06:45:37,"Hello Brenda, our team will be in touch by 10:10:43 on 2025-01-15.",good
joyce.daniels@outlook.com,ariel.barrett@protonmail.com,You're invited: Front-line mobile time-frame on 2025-02-16,"Dear Kimberly, we’ve received your form and will contact you by 02:49:13 on 2025-02-03.",good
brooke.thomas@gmail.com,fernando.dougherty@outlook.com,See you at the Total dedicated paradigm!,"Hello David, your password reset link was sent at 17:59:58 today.",good
lawrence.stevens@outlook.com,danielle.smith@gmail.com,Agenda for upcoming Revolutionize dot-com relationships review,"Dear Brianna, here’s a summary of your activity in October on Repurpose.",good
melissa.sanchez@yahoo.com,david.lopez@hotmail.com,Monthly summary of Leverage 24/7 models - May,"Dear Amber, thanks for participating in our Maximize beta in Mcleanmouth.",good
lisa.leblanc@gmail.com,rachael.warner@msn.com,Update: Empower strategic vortals milestone on 2025-03-12,"Hi Taylor, we're confirming your attendance to our Deliver training in Thompsonhaven.",good
robin.moore@yahoo.com,alexis.harmon@protonmail.com,"Meeting scheduled with Nguyen, Olson and Martinez on 2025-02-26","Hi Daryl, we’re excited to see you in Jasonberg this September for the Productize workshop.",good
nicole.tran@protonmail.com,edward.stephenson@msn.com,See you at the Centralized asymmetric contingency!,"Hi Chase, your scheduled visit to Bray-Hawkins is confirmed for 2025-02-07.",good
laura.allen@ymail.com,bradley.alvarez@ymail.com,Let's discuss Me at 05:34:56,"Hello Michael, your trial for Drive has been extended through July.",good
brittany.peterson@protonmail.com,stephen.miller@protonmail.com,Meeting scheduled with Evans LLC on 2025-04-04,"Hello Kimberly, the requested documents will be available by 09:07:42 on 2025-01-18.",good
donald.hart@protonmail.com,kristen.wilson@outlook.com,Important: Cultivate best-of-breed platforms update from Mcfarland-Paul,"Hi Ross, we hope to see you at our event in Port Christopher on 2025-04-02.",good
allison.giles@yahoo.com,shawn.moore@msn.com,Important: Maximize cross-media eyeballs update from Hardy-Potts,"Hello Glen, a reminder about your scheduled check-in with Nelson-Harrison this April.",good
amanda.george@ymail.com,joseph.taylor@ymail.com,Re: Appointment confirmation for 2025-01-24,"Hello Joseph, your Mesh account has been reviewed and updated as of 2025-05-11.",good
denise.stanley@msn.com,dawn.andrews@outlook.com,Final call for Capital session on 2025-04-19,"Dear Brandon, thank you for choosing Stone, Daniels and Cameron. Your service will activate on 2025-02-13.",good
david.simmons@gmail.com,dakota.wilson@gmail.com,See you at the Configurable client-server portal!,"Hi Amber, we're confirming your attendance to our Envisioneer training in West Ashleystad.",good
jake.sanchez@protonmail.com,rose.white@ymail.com,Join us for the Re-intermediate back-end niches this Wednesday,"Hi Julie, we hope to see you at our event in Blackside on 2025-02-06.",good
jessica.thomas@gmail.com,traci.ross@yahoo.com,Next steps for Capital initiative,"Dear Kim, thank you for choosing Johnson-Perkins. Your service will activate on 2025-01-21.",good
virginia.richards@hotmail.com,christopher.hartman@outlook.com,Your feedback needed for Harness b2b niches,"Dear Jamie, thank you for contacting Chen, Hawkins and Pena. We'll reach out again by 2025-02-18.",good
amanda.roy@hotmail.com,michael.perry@yahoo.com,Join us for the Deliver world-class networks this Wednesday,"Dear Danielle, thank you for choosing Cruz-Adams. Your service will activate on 2025-02-05.",good
alicia.garcia@protonmail.com,olivia.sherman@msn.com,You're invited: Profound 5thgeneration application on 2025-01-24,"Dear Jose, please join us at Clarke-Day's online session on 2025-05-14.",good
jason.hicks@outlook.com,daniel.pham@msn.com,Final call for Sell session on 2025-02-09,"Hi Brooke, we've attached the agenda for the upcoming call with White, Faulkner and Reese.",good
michael.martin@outlook.com,johnathan.mitchell@outlook.com,"Invitation to Reduced multimedia forecast by Rodriguez, Burke and Brown","Hi Renee, we hope you're enjoying your experience with Grow. Let us know how we did!",good
nicole.woods@gmail.com,kimberly.brooks@yahoo.com,See you at the Configurable bi-directional customer loyalty!,"Dear Brian, thanks for participating in our Streamline beta in South Markberg.",good
laura.horn@ymail.com,joseph.williams@gmail.com,Next steps for Property initiative,"Dear Matthew, thanks for participating in our Transition beta in Jamestown.",good
marcus.diaz@msn.com,adam.parks@protonmail.com,Update: Envisioneer plug-and-play metrics milestone on 2025-01-05,"Hello Jody, your monthly report from Nicholson-Jackson is now available.",good
alyssa.gordon@gmail.com,jennifer.smith@gmail.com,You're invited: Enterprise-wide fault-tolerant methodology on 2025-01-31,"Hello Ashley, our team will be in touch by 23:13:22 on 2025-04-28.",good
aaron.elliott@hotmail.com,stephen.martinez@msn.com,Join us for the Transition best-of-breed schemas this Wednesday,"Dear Karen, thank you for choosing Hayes Ltd. Your service will activate on 2025-01-02.",good
jason.schmidt@hotmail.com,brian.morales@msn.com,Reminder: Your appointment on Sunday,"Hi Michael, we're happy to announce a new upgrade to Transform, launching on 2025-04-22.",good
erika.estrada@ymail.com,sheila.navarro@outlook.com,Join us for the Deliver revolutionary e-markets this Monday,"Greetings Amber, this is to inform you of your updated Enhance status from Rodriguez, Gonzalez and Reyes as of 2025-05-05.",good
sydney.burns@outlook.com,matthew.walker@gmail.com,Final call for Decade session on 2025-02-02,"Dear Nicholas, please join us at Velasquez-Tate's online session on 2025-01-06.",good
tonya.whitehead@outlook.com,james.mitchell@msn.com,Next steps for Education initiative,"Hi Larry, just a quick note from our team at Dominguez and Sons about your Reinvent appointment on 2025-05-17 in Port Dominic.",good
ronald.collins@yahoo.com,scott.davis@yahoo.com,Quick reminder: Multi-layered non-volatile encoding on March 2025-03-29,"Hi Stephanie, your next billing date is set for 2025-04-02.",good
debra.hayes@yahoo.com,leah.jackson@msn.com,Action Required: Arrive review before 2025-01-31,"Hello Lisa, our team will be in touch by 01:17:05 on 2025-02-15.",good
margaret.roberts@hotmail.com,michael.griffin@ymail.com,Upcoming Seamless dedicated task-force this Sunday,"Hi Lisa, just confirming your upcoming meeting at Montoya Ltd in East Stephenville this September.",good
johnny.watkins@gmail.com,melissa.hughes@outlook.com,Next steps for Growth initiative,"Dear Thomas, we've assigned your ticket to our Rodriguez Group representative in Careymouth.",good
dawn.johnson@gmail.com,jessica.williams@hotmail.com,Update: Utilize web-enabled initiatives milestone on 2025-04-26,"Hi Dustin, we're happy to announce a new upgrade to Innovate, launching on 2025-02-19.",good
lisa.patel@yahoo.com,amber.mccormick@hotmail.com,Final call for Painting session on 2025-03-04,"Hi John, just checking in regarding your experience with Utilize in Meltonfurt.",good
melissa.edwards@gmail.com,michael.dorsey@hotmail.com,Upcoming Future-proofed contextually-based project this Friday,"Hi Jeffery, please review the attached summary of your Orchestrate scheduled for 2025-03-21.",good
lisa.turner@msn.com,jessica.archer@yahoo.com,"Important: Re-intermediate global architectures update from Long, Brewer and Wiggins","Dear Bradley, please join us at Moore-Frazier's online session on 2025-02-14.",good
cindy.terry@yahoo.com,fred.zamora@hotmail.com,Monthly summary of E-enable wireless metrics - August,"Hello Samantha, please download your receipt from Mendoza-Smith dated 2025-05-14.",good
matthew.thomas@outlook.com,amy.campbell@ymail.com,Schedule your session on 2025-02-01,"Hello Holly, please download your receipt from Black LLC dated 2025-01-06.",good
douglas.atkinson@msn.com,tracy.stevens@msn.com,Quick reminder: Quality-focused leadingedge success on May 2025-01-06,"Dear Clayton, thank you for choosing Williams Group. Your service will activate on 2025-03-14.",good
tyler.kim@protonmail.com,teresa.howard@yahoo.com,See you at the Fully-configurable local strategy!,"Dear Melissa, we’re preparing your shipment to Hawkinsport and it should arrive by 2025-02-14.",good
maria.torres@yahoo.com,bruce.lewis@yahoo.com,Final call for Sometimes session on 2025-01-20,"Dear Corey, thank you for choosing Nguyen, Harris and Nelson. Your service will activate on 2025-03-31.",good
lisa.key@gmail.com,javier.gonzalez@outlook.com,Update: Utilize impactful models milestone on 2025-02-21,"Dear Andrew, we noticed a recent activity from Patriciaport on your Matrix.",good
nathan.richards@outlook.com,douglas.edwards@protonmail.com,Final call for Hear session on 2025-01-10,"Hello Brandi, your Redefine account has been reviewed and updated as of 2025-02-25.",good
paula.ryan@msn.com,kara.snyder@yahoo.com,Quick reminder: Total interactive focus group on December 2025-04-20,"Dear Ronald, we noticed a recent activity from Jasmineburgh on your Repurpose.",good
jessica.walton@msn.com,jon.velazquez@protonmail.com,Agenda for upcoming Synthesize distributed supply-chains review,"Dear Michelle, don't forget your appointment at 22:19:50 this June.",good
eric.li@hotmail.com,robert.james@hotmail.com,Let's discuss Gun at 09:10:23,"Hi Michelle, your next billing date is set for 2025-01-07.",good
brandon.jones@gmail.com,todd.schmidt@yahoo.com,"Happy to announce Benchmark out-of-the-box technologies from Marks, Singleton and Peters","Hi Kevin, we hope you're enjoying your experience with Monetize. Let us know how we did!",good
logan.bradley@ymail.com,brenda.anderson@ymail.com,"Important: Enable synergistic vortals update from Martinez, Bean and Alexander","Hello Latasha, your order from Barnett-Lopez will arrive in Burnettberg on 2025-04-02.",good
george.compton@msn.com,tina.tran@outlook.com,Details regarding the Focused systemic pricing structure you registered for,"Hello Amy, your trial for Scale has been extended through November.",good
cynthia.barron@outlook.com,michael.hernandez@protonmail.com,Schedule your session on 2025-02-09,"Hello Stephen, the requested documents will be available by 22:38:20 on 2025-03-17.",good
erica.taylor@outlook.com,timothy.branch@protonmail.com,Action Required: Tend review before 2025-03-10,"Hi Thomas, we've attached the agenda for the upcoming call with Peck LLC.",good
sandra.wilson@msn.com,danielle.peterson@ymail.com,Your feedback needed for Strategize synergistic content,"Hi David, we're confirming your attendance to our Revolutionize training in South Larry.",good
sherry.carter@msn.com,wendy.shields@hotmail.com,Update: Orchestrate impactful supply-chains milestone on 2025-01-31,"Dear Richard, we appreciate your loyalty to Coleman Group. Expect an update by 03:35:23 tomorrow.",good
alejandra.moran@gmail.com,hayley.smith@gmail.com,Final call for Relationship session on 2025-05-13,"Dear Julie, we noticed a recent activity from Port Jennifermouth on your Orchestrate.",good
elizabeth.anderson@hotmail.com,stacey.brown@yahoo.com,Can we meet to talk about Streamline e-business systems?,"Dear Jesse, we noticed a recent activity from North Jocelyn on your Unleash.",good
jacqueline.meza@outlook.com,henry.combs@msn.com,Update: Architect web-enabled initiatives milestone on 2025-02-12,"Dear Tamara, here’s a summary of your activity in February on Seize.",good
jose.washington@hotmail.com,joshua.miller@outlook.com,You're invited: Reactive dynamic solution on 2025-03-06,"Dear Christopher, don't forget your appointment at 01:18:39 this September.",good
patrick.ferguson@outlook.com,joshua.bailey@outlook.com,Action Required: Bank review before 2025-04-10,"Greetings Billy, this is to inform you of your updated Incentivize status from Cooper, Burke and Hudson as of 2025-02-13.",good
heidi.hamilton@hotmail.com,paige.taylor@gmail.com,Happy to announce Utilize proactive channels from Melton-Freeman,"Hello Erin, a reminder about your scheduled check-in with Miller-Collins this December.",good
timothy.duran@outlook.com,tammy.woods@hotmail.com,Schedule your session on 2025-04-14,"Hi Kimberly, just a quick note from our team at Campbell PLC about your Iterate appointment on 2025-03-30 in East Richard.",good
christine.payne@yahoo.com,alec.james@ymail.com,Reminder: Your appointment on Friday,"Hi Mary, your scheduled visit to Henderson, Gonzalez and Peters is confirmed for 2025-01-04.",good
amanda.harper@yahoo.com,laura.foster@yahoo.com,Join us for the Re-intermediate global systems this Sunday,"Hi Angela, please review the attached summary of your Transform scheduled for 2025-03-24.",good
paul.smith@msn.com,elizabeth.white@ymail.com,Action Required: White review before 2025-03-21,"Dear Dawn, we've updated your records in our system as of 2025-04-30.",good
david.pham@protonmail.com,jeffrey.bridges@hotmail.com,Happy to announce Scale cross-platform vortals from Wright PLC,"Hi Amy, just confirming your upcoming meeting at Daniels, Brown and Wiley in Aimeemouth this May.",good
melissa.lowery@ymail.com,ronald.benson@yahoo.com,"Happy to announce Grow world-class channels from Mata, Nelson and Taylor","Hi Kyle, your scheduled call with Pearson, Stevens and Freeman is on 2025-03-16 at 06:19:24.",good
david.tapia@msn.com,sandra.bailey@yahoo.com,Update: Grow front-end info-mediaries milestone on 2025-04-26,"Hi George, your scheduled call with Brown Inc is on 2025-04-19 at 02:35:40.",good
jared.swanson@protonmail.com,thomas.jenkins@gmail.com,Quick reminder: Mandatory 3rdgeneration instruction set on September 2025-01-14,"Hi Danielle, we hope you're enjoying your experience with Harness. Let us know how we did!",good
tristan.barnes@hotmail.com,patrick.watson@msn.com,Update: Brand interactive communities milestone on 2025-01-19,"Hi Nicholas, we're confirming your attendance to our E-enable training in Rodriguezchester.",good
phillip.day@yahoo.com,danielle.esparza@yahoo.com,Your feedback needed for Maximize extensible technologies,"Dear Rachel, we've assigned your ticket to our Rogers PLC representative in Lebury.",good
heather.bolton@hotmail.com,joshua.may@outlook.com,Don't miss the Scale e-business relationships from Anderson Inc,"Hi Benjamin, we hope to see you at our event in North Garyland on 2025-04-12.",good
nicholas.alvarez@gmail.com,lawrence.ortiz@yahoo.com,Meeting scheduled with Taylor Inc on 2025-01-07,"Hi Jessica, your Disintermediate has been successfully scheduled for delivery to New Tonishire on 2025-01-06.",good
mitchell.blackwell@msn.com,sonia.beard@msn.com,Let's discuss Person at 00:33:30,"Hi Barbara, your next billing date is set for 2025-05-02.",good
alison.long@hotmail.com,kelly.foster@msn.com,Meeting scheduled with Castillo LLC on 2025-04-09,"Dear Heidi, we’re preparing your shipment to Michaelbury and it should arrive by 2025-03-02.",good
juan.perez@outlook.com,james.green@outlook.com,New updates about Iterate from Bowman-Graves,"Hi Joseph, your Innovate has been successfully scheduled for delivery to East Scott on 2025-01-30.",good
jeremiah.parks@msn.com,anthony.jackson@ymail.com,Can we meet to talk about Empower one-to-one partnerships?,"Hello Courtney, our team will be in touch by 00:19:51 on 2025-01-30.",good
ashley.king@outlook.com,ashley.smith@protonmail.com,Action Required: Business review before 2025-04-26,"Hi Sonya, just checking in regarding your experience with Re-intermediate in Simonstad.",good
ronald.thompson@msn.com,elizabeth.kidd@gmail.com,Monthly summary of Benchmark cutting-edge e-tailers - January,"Hello Nicole, your order from Montoya Ltd will arrive in Woodardberg on 2025-04-19.",good
jennifer.odonnell@msn.com,tony.phillips@protonmail.com,See you at the Networked multi-state contingency!,"Dear Jacob, thank you for choosing Rocha-Pearson. Your service will activate on 2025-02-12.",good
ruben.moore@hotmail.com,daniel.barrett@ymail.com,Agenda for upcoming Transition global architectures review,"Hello Tracy, please download your receipt from Barron Ltd dated 2025-04-03.",good
alyssa.mitchell@yahoo.com,kathy.brewer@outlook.com,Re: Appointment confirmation for 2025-05-04,"Dear Michele, don't forget your appointment at 04:30:59 this December.",good
traci.spencer@gmail.com,scott.velez@msn.com,See you at the Versatile zero administration knowledgebase!,"Hi Kimberly, we've attached the agenda for the upcoming call with Berry-Vaughn.",good
leslie.palmer@protonmail.com,melissa.vega@protonmail.com,Action Required: Yet review before 2025-03-16,"Hello Erika, we're looking forward to seeing you in Rebeccafort this June at 11:16:40.",good
sandra.martin@hotmail.com,brian.ponce@ymail.com,Next steps for Right initiative,"Dear Christina, we've updated your records in our system as of 2025-02-03.",good
brandon.rivera@gmail.com,morgan.andrews@hotmail.com,Quick reminder: Front-line intangible open system on February 2025-02-20,"Dear Shelby, we’ve received your form and will contact you by 13:27:55 on 2025-02-13.",good
amanda.leach@outlook.com,brad.bowman@ymail.com,Quick reminder: Automated impactful application on September 2025-02-12,"Hi William, we’re excited to see you in Garciaview this March for the Incentivize workshop.",good
shawn.juarez@hotmail.com,claire.jones@gmail.com,Agenda for upcoming Syndicate value-added networks review,"Hi Kimberly, just checking in regarding your experience with Engage in Port Darrylfort.",good
christy.gomez@msn.com,heather.smith@gmail.com,Happy to announce Exploit scalable eyeballs from Stout-Smith,"Hi Jessica, we hope to see you at our event in Susanmouth on 2025-04-20.",good
alan.salas@protonmail.com,anthony.martinez@msn.com,"Meeting scheduled with Bennett, Reyes and Price on 2025-03-02","Hi Christopher, your next billing date is set for 2025-04-19.",good
jenna.cooke@protonmail.com,linda.jones@hotmail.com,Let's discuss Bring at 12:20:59,"Dear Scott, thank you for choosing Nunez, Cochran and Bowman. Your service will activate on 2025-05-09.",good
jessica.dawson@ymail.com,richard.nguyen@ymail.com,"Meeting scheduled with Moore, Vazquez and Torres on 2025-04-29","Hello James, a reminder about your scheduled check-in with Howard-Baker this January.",good
david.myers@gmail.com,brian.rodriguez@hotmail.com,Final call for Training session on 2025-02-16,"Hi Gregg, your scheduled call with Fields-Castillo is on 2025-03-20 at 11:26:19.",good
william.robinson@ymail.com,jessica.duncan@protonmail.com,Update: Aggregate out-of-the-box synergies milestone on 2025-02-21,"Hello Belinda, your Re-intermediate account has been reviewed and updated as of 2025-02-04.",good
stephanie.bridges@gmail.com,isaiah.jones@gmail.com,Update: Strategize user-centric experiences milestone on 2025-01-22,"Dear Robert, we noticed a recent activity from Evelynstad on your Engineer.",good
vanessa.horn@protonmail.com,maria.miller@protonmail.com,Monthly summary of Enable dot-com vortals - April,"Hi Cynthia, just a quick note from our team at Mason-Gomez about your Incubate appointment on 2025-02-06 in Maynardmouth.",good
mary.meyer@msn.com,douglas.ryan@yahoo.com,Details regarding the Multi-lateral interactive Local Area Network you registered for,"Hello Mark, your password reset link was sent at 18:55:42 today.",good
christina.ryan@outlook.com,leslie.stokes@yahoo.com,Upcoming Business-focused needs-based orchestration this Monday,"Hi Rebecca, your scheduled visit to Weaver Inc is confirmed for 2025-04-24.",good
michael.gomez@protonmail.com,hannah.abbott@gmail.com,Quick reminder: Programmable upward-trending product on April 2025-01-05,"Hi Jonathan, we hope to see you at our event in Rushmouth on 2025-04-23.",good
alexander.davis@gmail.com,george.clark@gmail.com,"Meeting scheduled with Guzman, Davidson and Hamilton on 2025-03-10","Hi Raymond, we hope you're enjoying your experience with Seize. Let us know how we did!",good
anne.ruiz@gmail.com,allen.ortiz@gmail.com,Re: Appointment confirmation for 2025-05-07,"Hello Jonathan, our team will be in touch by 18:58:45 on 2025-05-02.",good
vicki.snyder@yahoo.com,willie.austin@protonmail.com,New updates about Enable from Stewart Inc,"Dear David, here’s a summary of your activity in June on Mesh.",good
patrick.ibarra@protonmail.com,brandon.jensen@yahoo.com,Schedule your session on 2025-02-14,"Hello James, please download your receipt from Obrien, Smith and Buchanan dated 2025-04-15.",good
heather.guerrero@outlook.com,laura.todd@outlook.com,Agenda for upcoming Architect out-of-the-box systems review,"Hi David, just checking in regarding your experience with Integrate in Yoderbury.",good
rhonda.molina@ymail.com,jason.harris@protonmail.com,Join us for the Transform enterprise partnerships this Monday,"Hi Andrew, just a quick note from our team at Watson, Gonzalez and Ryan about your Innovate appointment on 2025-02-17 in New Justinland.",good
mario.baker@protonmail.com,daniel.myers@hotmail.com,Invitation to Visionary 24hour support by Cardenas Ltd,"Dear Jason, we’re preparing your shipment to Christon and it should arrive by 2025-03-22.",good
marc.barker@gmail.com,benjamin.aguirre@outlook.com,Invitation to Decentralized methodical product by Hancock-Allison,"Hello Jonathan, your trial for Seize has been extended through October.",good
nicole.maxwell@gmail.com,stephen.braun@yahoo.com,You're invited: Self-enabling directional matrix on 2025-01-16,"Dear Troy, thank you for contacting Chan PLC. We'll reach out again by 2025-01-27.",good
brendan.morgan@hotmail.com,anna.reynolds@protonmail.com,Join us for the Generate compelling platforms this Thursday,"Dear Stephanie, we've assigned your ticket to our Johnson-Kelley representative in Lake Jeremy.",good
brooke.valencia@ymail.com,jorge.hutchinson@hotmail.com,Final call for North session on 2025-04-24,"Hello James, your Facilitate evaluation is complete. Check your inbox on 2025-02-10.",good
ronald.smith@gmail.com,henry.gutierrez@hotmail.com,Re: Appointment confirmation for 2025-04-30,"Hello Sharon, your Seize account has been reviewed and updated as of 2025-03-10.",good
kathleen.cantrell@hotmail.com,kelly.knox@gmail.com,"Happy to announce Aggregate e-business users from Chen, Miller and Alvarez","Hi Christine, just confirming your upcoming meeting at Gomez, Scott and King in Kathrynton this March.",good
kevin.blackwell@ymail.com,meghan.smith@yahoo.com,Your feedback needed for Visualize clicks-and-mortar systems,"Hello Alexander, your Exploit evaluation is complete. Check your inbox on 2025-02-16.",good
robin.haley@hotmail.com,roger.washington@msn.com,Next steps for Five initiative,"Hello David, please download your receipt from Hoover-Gallegos dated 2025-02-21.",good
angela.mcdowell@ymail.com,jerry.hunter@msn.com,Happy to announce Grow e-business e-services from Hopkins-Villanueva,"Dear Lisa, thank you for choosing Williams, Rivera and Berg. Your service will activate on 2025-05-10.",good
laurie.pugh@protonmail.com,erin.lopez@yahoo.com,Monthly summary of Leverage compelling networks - April,"Hi Allison, we've attached the agenda for the upcoming call with Martin, Garrett and Jones.",good
tammy.brooks@gmail.com,valerie.marshall@hotmail.com,New updates about Syndicate from Proctor-Flowers,"Hello James, we're looking forward to seeing you in South Jessica this April at 05:03:44.",good
martin.cox@msn.com,katie.reyes@protonmail.com,Reminder: Your appointment on Friday,"Hello Timothy, your Engineer account has been reviewed and updated as of 2025-03-16.",good
james.lee@protonmail.com,johnny.hale@hotmail.com,Next steps for Let initiative,"Hi Mark, just confirming your upcoming meeting at Mendoza LLC in Powellberg this April.",good
connie.lam@protonmail.com,carol.guzman@ymail.com,Agenda for upcoming Productize compelling markets review,"Hello Daniel, the requested documents will be available by 11:33:51 on 2025-02-18.",good
danny.martinez@gmail.com,david.brown@protonmail.com,Agenda for upcoming Brand end-to-end roi review,"Hello Jessica, please check your calendar for availability in January.",good
roy.rodriguez@msn.com,mary.ruiz@gmail.com,You're invited: Streamlined zero tolerance open architecture on 2025-04-06,"Hi Heather, we hope you're enjoying your experience with Integrate. Let us know how we did!",good
susan.padilla@protonmail.com,jeremy.martin@ymail.com,Update: Facilitate value-added synergies milestone on 2025-01-24,"Hi Kenneth, your next billing date is set for 2025-03-25.",good
leslie.anderson@msn.com,jake.ingram@gmail.com,You're invited: Advanced actuating time-frame on 2025-01-14,"Dear Bryan, we appreciate your loyalty to Howard, Lowery and Dominguez. Expect an update by 22:05:09 tomorrow.",good
gerald.lee@ymail.com,kelsey.ortiz@protonmail.com,Let's discuss Right at 19:08:19,"Dear Connor, here’s a summary of your activity in October on Disintermediate.",good
scott.russell@ymail.com,michael.hardy@outlook.com,Quick reminder: Horizontal tertiary encoding on January 2025-01-14,"Dear Walter, we’ve received your form and will contact you by 11:42:15 on 2025-03-27.",good
jesse.white@hotmail.com,tyler.berry@gmail.com,See you at the Realigned 24/7 synergy!,"Dear Samantha, thanks for participating in our Transition beta in Chelseaborough.",good
andrew.wood@outlook.com,cheryl.lucas@gmail.com,"Don't miss the Maximize proactive metrics from Santiago, Pollard and Hernandez","Dear Kimberly, we've assigned your ticket to our Carpenter Ltd representative in Patrickton.",good
darren.jones@protonmail.com,lisa.moore@yahoo.com,Upcoming Synergized tertiary data-warehouse this Thursday,"Hi Douglas, we hope to see you at our event in Pamelahaven on 2025-02-25.",good
amy.davis@msn.com,christine.howell@yahoo.com,Monthly summary of Aggregate ubiquitous e-services - June,"Dear Dawn, we appreciate your loyalty to Parks Group. Expect an update by 16:47:37 tomorrow.",good
julia.jordan@yahoo.com,judith.kim@yahoo.com,"Don't miss the Revolutionize dynamic architectures from Short, Scott and Martin","Dear Ryan, here’s a summary of your activity in November on Transition.",good
teresa.forbes@hotmail.com,brittany.parks@msn.com,Details regarding the Innovative eco-centric workforce you registered for,"Hi Misty, please confirm your availability for our meeting on 2025-02-16 at 17:26:01.",good
nicholas.jones@msn.com,eric.thornton@hotmail.com,"Meeting scheduled with White, Owens and Evans on 2025-01-04","Hello Michael, our team will be in touch by 18:29:24 on 2025-03-28.",good
denise.mendoza@msn.com,stephanie.wright@gmail.com,Agenda for upcoming Scale dynamic applications review,"Hello Jason, please download your receipt from Elliott, Wade and Moreno dated 2025-02-03.",good
andrew.lindsey@ymail.com,zachary.vasquez@hotmail.com,Upcoming Operative didactic function this Thursday,"Hi Jane, just confirming your upcoming meeting at Jones PLC in South Christine this August.",good
robert.douglas@msn.com,lauren.powers@ymail.com,Monthly summary of Target next-generation interfaces - November,"Hello Bailey, please check your calendar for availability in September.",good
debra.larsen@protonmail.com,brian.williams@hotmail.com,Re: Discussion on Station scheduled 14:47:36,"Hi Deanna, please review the attached summary of your Strategize scheduled for 2025-04-22.",good
mary.parker@hotmail.com,jessica.jackson@hotmail.com,"Invitation to Versatile systemic installation by Bennett, Lin and Moore","Dear Judith, thank you for choosing King-Harris. Your service will activate on 2025-04-17.",good
jackie.mitchell@yahoo.com,derrick.lozano@gmail.com,Happy to announce Re-contextualize sticky platforms from Phillips-Wilson,"Greetings Nicholas, this is to inform you of your updated Expedite status from Thompson-Kramer as of 2025-01-01.",good
kathleen.conway@gmail.com,thomas.barber@hotmail.com,Invitation to Optional non-volatile budgetary management by Woodward-Collins,"Greetings Christine, this is to inform you of your updated Redefine status from Dixon-Harris as of 2025-04-18.",good
kristin.ford@protonmail.com,travis.maldonado@msn.com,Action Required: Young review before 2025-01-07,"Dear Shane, we've assigned your ticket to our Schroeder, Allison and Parks representative in Brandonhaven.",good
maria.humphrey@yahoo.com,andrew.thompson@ymail.com,Quick reminder: Multi-layered next generation time-frame on September 2025-03-13,"Hello Nicole, please download your receipt from Jimenez-Haley dated 2025-04-08.",good
allison.mitchell@yahoo.com,jesse.irwin@msn.com,Agenda for upcoming Productize plug-and-play e-commerce review,"Hi Michael, your Seize has been successfully scheduled for delivery to South Derrick on 2025-03-07.",good
mark.brown@gmail.com,karen.sanchez@gmail.com,Reminder: Your appointment on Wednesday,"Dear Ryan, here’s a summary of your activity in October on Syndicate.",good
marie.stewart@msn.com,emily.caldwell@protonmail.com,"Don't miss the Drive bleeding-edge initiatives from Young, Brown and Lopez","Hi Tara, your Aggregate has been successfully scheduled for delivery to South Rebecca on 2025-04-28.",good
melissa.nguyen@yahoo.com,franklin.jenkins@gmail.com,Action Required: Leader review before 2025-04-10,"Hello Sean, our team will be in touch by 11:11:39 on 2025-05-01.",good
lisa.hughes@outlook.com,andrew.bowman@hotmail.com,Details regarding the Grass-roots impactful hardware you registered for,"Hi Ryan, just a quick note from our team at Hatfield, Preston and Stevens about your Transform appointment on 2025-04-06 in East Sandrachester.",good
christine.jacobs@gmail.com,susan.clark@hotmail.com,See you at the Synergistic object-oriented database!,"Hello Corey, your password reset link was sent at 10:07:51 today.",good
anthony.long@gmail.com,logan.rivera@ymail.com,Don't miss the Redefine open-source e-markets from Hall-Cummings,"Hello Cindy, please download your receipt from Johnson, Murphy and Richardson dated 2025-05-09.",good
randy.huffman@msn.com,matthew.clark@protonmail.com,Final call for Identify session on 2025-03-30,"Hello Alexandria, your Scale evaluation is complete. Check your inbox on 2025-02-01.",good
zachary.curtis@yahoo.com,bernard.cruz@hotmail.com,Meeting scheduled with Mills Ltd on 2025-05-04,"Hello Jamie, your trial for Brand has been extended through March.",good
karen.goodman@hotmail.com,warren.curry@protonmail.com,Can we meet to talk about Visualize global metrics?,"Dear Brandon, thanks for participating in our Exploit beta in East Thomastown.",good
misty.jones@gmail.com,jennifer.rivera@msn.com,Final call for People session on 2025-01-26,"Hi Christine, just confirming your upcoming meeting at Martinez-Perry in Brandonburgh this January.",good
